"applicationno","documenttype","id"
"BP-BAM-2022-05-15-003627","APPL.IDENTITYPROOF.DRIVINGLICENSE","9520e5b6-fa37-4d69-9a29-8287614a51a5"
"BP-BAM-2022-05-15-003627","APPL.LANDPOSSAFFI.LANDPOSSAFFI","d2c990da-c990-4c90-b1f6-bd46255ae2d7"
"BP-BAM-2022-05-15-003627","APPL.OWNERIDPROOF.PASSPORT","ffa40a5f-c058-401d-83ec-1fb04a4c02e1"
"BP-BAM-2022-05-15-003627","APPL.ROR.ROR","0d0ea830-8d68-4c15-baa4-f8844f428862"
"BP-BAM-2022-05-15-003627","APPL.SALEGIFTDEED.SALEGIFTDEED","6e498583-1df4-4de1-898d-1e730ac8007c"
"BP-BAM-2022-05-15-003627","BPD.BPL.BPL","131bd74a-0cf1-4ca8-8151-8eaf13ce2908"
"BP-BAM-2022-05-15-003627","BPD.BPL.BPL","b05b8437-140b-42ac-b110-bcc58cc6f18e"
"BP-BAM-2022-05-15-003627","BPD.BPL.BPL","fdc199f6-da41-4f46-9d50-4546a94b1f0d"
"BP-BAM-2022-05-15-003627","BPD.SITEPHOTO.SITEPHOTO","dfe74741-d7d0-4c9c-9a43-44cb50dbdd0d"
"BP-BAM-2022-05-15-003627","BPD.SITEPHOTO.SITEPHOTO","7871f0c2-8899-45fe-ab30-ca02d5da0a25"
"BP-BAM-2022-05-15-003627","BPD.SITEPHOTO.SITEPHOTO","279f5237-19d5-4574-bc98-0c34134890e5"
"BP-BAM-2022-05-15-003627","BPD.SITEPHOTO.SITEPHOTO","c4904e37-0895-4a85-85fd-12b4db551748"
"BP-BAM-2022-07-01-005627","APPL.IDENTITYPROOF.DRIVINGLICENSE","4089e5d3-f0c4-4169-86bd-a4f4b9e2feb5"
"BP-BAM-2022-07-01-005627","APPL.LANDPOSSAFFI.LANDPOSSAFFI","b038c05b-9add-4329-84da-b5370ad48452"
"BP-BAM-2022-07-01-005627","APPL.LANDPOSSAFFI.LANDPOSSAFFI","0b5591bb-1cef-4e50-a459-d1845c01c7f3"
"BP-BAM-2022-07-01-005627","APPL.LANDPOSSAFFI.LANDPOSSAFFI","78ea93d8-05a9-44da-9203-38435a59c4c5"
"BP-BAM-2022-07-01-005627","APPL.REVSITEPLAN.REVSITEPLAN","cb88b8a3-9ade-4e29-80cf-1a8f6b688ccd"
"BP-BAM-2022-07-01-005627","APPL.REVSITEPLAN.REVSITEPLAN","cfd73e05-d5a2-4205-b631-10a02f6382c2"
"BP-BAM-2022-07-01-005627","APPL.REVSITEPLAN.REVSITEPLAN","caae3e5c-e53a-4063-8b09-43f410122f6c"
"BP-BAM-2022-07-01-005627","APPL.ROR.ROR","1ae9446e-7732-4003-9a24-06dcfcaa78be"
"BP-BAM-2022-07-01-005627","APPL.SALEGIFTDEED.SALEGIFTDEED","59cdfa3b-d1c2-41bf-a10a-649078958c33"
"BP-BAM-2022-07-01-005627","BPD.BPL.BPL","b28ce1d8-5e60-4129-bcca-1d3c8826f185"
"BP-BDA-2022-04-08-002363","ADDL.REGULARISATIONANNEXUREI.REGULARISATIONANNEXUREI","f29f0747-73cd-4a75-93d6-a246dad5061b"
"BP-BDA-2022-04-08-002363","APPL.IDENTITYPROOF.DRIVINGLICENSE","a195a72c-1934-415b-8261-7780aa437106"
"BP-BDA-2022-04-08-002363","APPL.LANDPOSSAFFI.LANDPOSSAFFI","736aa546-d625-4b6a-ab71-6e43444f2ceb"
"BP-BDA-2022-04-08-002363","APPL.OTHERDOCUMENT","963c25ba-1934-40de-8250-1fa126e39c5d"
"BP-BDA-2022-04-08-002363","APPL.OTHERDOCUMENT","3797145e-d2e8-4c87-8728-f5ddc18480e2"
"BP-BDA-2022-04-08-002363","APPL.OTHERDOCUMENT","9e8c03b9-855e-4152-ae7e-077cee1f5b34"
"BP-BDA-2022-04-08-002363","APPL.OWNERIDPROOF.DRIVINGLICENSE","62a3fad7-2b61-40ef-b73b-6bf8f67b88e5"
"BP-BDA-2022-04-08-002363","APPL.REVSITEPLAN.REVSITEPLAN","8e00861d-dc61-4847-847a-3440125046e9"
"BP-BDA-2022-04-08-002363","APPL.ROR.ROR","7fad8d10-a5df-40be-8bc0-14edae9fab27"
"BP-BDA-2022-04-08-002363","APPL.SALEGIFTDEED.SALEGIFTDEED","3099f895-2f96-4818-8efb-18d0b73173ed"
"BP-BDA-2022-04-08-002363","BPD.3RDPARTYSTRUCCERT.3RDPARTYSTRUCCERT","7dfcdcf8-f8d1-4884-9468-f7fa5651b54f"
"BP-BDA-2022-04-08-002363","BPD.BPL.BPL","8bb6f3c8-91c2-413f-bbc8-f209e04d5fb4"
"BP-BDA-2022-04-08-002363","BPD.LP.LP","86610711-c63d-4001-83c8-89e6270ffab7"
"BP-BDA-2022-04-08-002363","BPD.MATSPEC.MATSPEC","c9168069-1294-4c00-bfbe-3ec576dde50c"
"BP-BDA-2022-04-08-002363","BPD.SITEPHOTO.SITEPHOTO","5be49bb3-3e74-40d9-a2c5-b71bf9d76220"
"BP-BDA-2022-04-08-002363","BPD.SP.SP","b9f0ef37-472c-46e4-913c-d85f645b7b7d"
"BP-BDA-2022-04-08-002363","BPD.SSTABCERT.SSTABCERT","9104a0ba-e4bb-4b75-948b-7c6241ffea01"
"BP-BDA-2022-04-08-002363","BPD.SSUPCERT.SSUPCERT","83233a18-9671-43fe-a524-185dd184981b"
"BP-BDA-2022-04-10-002396","ADDL.APPROVEDLAYOUT.APPROVEDLAYOUT","c008ede8-ccb1-4753-ba4d-9e4b7de2382a"
"BP-BDA-2022-04-10-002396","ADDL.BENCHMARKCERTIFICATE.BENCHMARKCERTIFICATE","5bc587b4-c2d7-44ff-8d8b-dbd043fed09d"
"BP-BDA-2022-04-10-002396","ADDL.POSSESSIONLETTER.POSSESSIONLETTER","38a00b1d-0c67-463b-ae13-3bc15a252475"
"BP-BDA-2022-04-10-002396","APPL.IDENTITYPROOF.DRIVINGLICENSE","ca3e40ca-38ba-4251-bc1c-f5f34296ddc5"
"BP-BDA-2022-04-10-002396","APPL.LANDPOSSAFFI.LANDPOSSAFFI","0a2b9e58-4b73-4ea4-a1d7-8930b85318bc"
"BP-BDA-2022-04-10-002396","APPL.OTHERDOCUMENT","1b87f2e7-a9f2-4231-95f3-22e94fba7f10"
"BP-BDA-2022-04-10-002396","APPL.REVSITEPLAN.REVSITEPLAN","0d81724c-d784-4811-9391-99b2ab491f23"
"BP-BDA-2022-04-10-002396","APPL.ROR.ROR","848a270c-1c4a-4ae8-9fe7-a59de89eedce"
"BP-BDA-2022-04-10-002396","APPL.SALEGIFTDEED.SALEGIFTDEED","d0e274dd-4027-4139-bba1-88cd27233f68"
"BP-BDA-2022-04-10-002396","BPD.3RDPARTYSTRUCCERT.3RDPARTYSTRUCCERT","1801bf90-5399-41db-a6ea-4363b8e49536"
"BP-BDA-2022-04-10-002396","BPD.BPL.BPL","ce941796-3d1e-41e8-897c-6dd8395abcb8"
"BP-BDA-2022-04-10-002396","BPD.BPL.BPL","54037ec7-a104-4a55-a550-805d44205217"
"BP-BDA-2022-04-10-002396","BPD.BPL.BPL","74bf0d39-082f-46b8-9f76-e9e4a1645dce"
"BP-BDA-2022-04-10-002396","BPD.LP.LP","2d1fdf74-39d2-4ea6-a5cb-6e7356697472"
"BP-BDA-2022-04-10-002396","BPD.MATSPEC.MATSPEC","489c25f4-a9c9-4f1b-b65b-236560a7296a"
"BP-BDA-2022-04-10-002396","BPD.SITEPHOTO.SITEPHOTO","26b53f3e-f50e-46b3-817b-befdf2228c08"
"BP-BDA-2022-04-10-002396","BPD.SP.SP","b2915fbb-e9be-485d-860a-43914cc053fa"
"BP-BDA-2022-04-10-002396","BPD.SSTABCERT.SSTABCERT","741cfa48-7cfd-4f50-9d02-761e5588fb9b"
"BP-BDA-2022-04-10-002396","BPD.SSUPCERT.SSUPCERT","4ac8efe2-bffd-43b9-9598-ac527c3f5e72"
"BP-BDA-2022-04-10-002396","NOC.NOCDEPUTYFORESTOFFICER.NOC","650bd258-5fbc-4af9-a32a-62bc69e9c28d"
"BP-BDA-2022-04-10-002396","NOC.NOCDEPUTYFORESTOFFICER.NOC","65365a2e-6fe1-45cc-a17c-0a0c42a73be5"
"BP-BMC-2022-03-16-001769","APPL.IDENTITYPROOF.DRIVINGLICENSE","37e17f5d-6aa5-415c-8b89-58cefa9c0294"
"BP-BMC-2022-03-16-001769","APPL.REVSITEPLAN.REVSITEPLAN","7d71b827-1248-44c3-99f4-720f2932652a"
"BP-BMC-2022-03-16-001769","APPL.ROR.ROR","1d636d52-e0f9-42d0-8233-454b94a36bd4"
"BP-BMC-2022-03-16-001769","APPL.SALEGIFTDEED.SALEGIFTDEED","1c72b64d-780e-4822-8c0f-c086759f15ee"
"BP-BMC-2022-03-16-001769","BPD.BPL.BPL","8c8d17c6-be9a-4592-ac7a-2ed3e3d469a5"
"BP-BMC-2022-03-16-001769","BPD.BPL.BPL","0318170d-a2b3-4e45-9cdb-e4106efbae26"
"BP-BMC-2022-03-16-001769","BPD.BPL.BPL","7773749a-e7f6-4856-84e3-0096df2b8b90"
"BP-BMC-2022-03-16-001769","BPD.BPL.BPL","54b2038e-1d1f-44cf-a4e2-5c0d0d0310b6"
"BP-BMC-2022-03-16-001769","BPD.BPL.BPL","910bafeb-9af5-430d-bfaa-249f4a2795e1"
"BP-BMC-2022-03-16-001769","BPD.BPL.BPL","fc694ad7-2aac-4ede-9b78-3ee6c9ed45e6"
"BP-CTC-2022-07-07-005891","APPL.IDENTITYPROOF.DRIVINGLICENSE","a593f009-81e0-4705-8a42-aa66bb8a7ef6"
"BP-CTC-2022-07-07-005891","APPL.LANDPOSSAFFI.LANDPOSSAFFI","85e3456a-9cd8-4b19-a074-9f4174447143"
"BP-CTC-2022-07-07-005891","APPL.OTHERDOCUMENT","46913624-c9d4-4d98-ae95-0cd06c5d88bb"
"BP-CTC-2022-07-07-005891","APPL.OTHERDOCUMENT","b44f5348-12a4-4f30-8065-aca8da6325fc"
"BP-CTC-2022-07-07-005891","APPL.OTHERDOCUMENT","efa09abb-3d78-4895-8f6d-6d3804ef7259"
"BP-CTC-2022-07-07-005891","APPL.OWNERIDPROOF.DRIVINGLICENSE","cdb42179-138e-45b9-b1a1-cfe2e3cf49d8"
"BP-CTC-2022-07-07-005891","APPL.REVSITEPLAN.REVSITEPLAN","c35f1722-1646-4cb6-a364-d1a46c7c736d"
"BP-CTC-2022-07-07-005891","APPL.ROR.ROR","1e7702a9-9c4c-4d2d-947f-f904eda634cf"
"BP-CTC-2022-07-07-005891","APPL.SALEGIFTDEED.SALEGIFTDEED","3ff3cec6-aee4-4681-84c9-637c9d71e505"
"BP-CTC-2022-07-07-005891","BPD.BPL.BPL","9a3f3f4a-7453-41e7-9d5b-95d2420fd574"
"BP-CTC-2022-07-07-005891","BPD.SSUPCERT.SSUPCERT","36a24fca-cf91-4798-9186-53b5cdfc4c93"
"BP-CTC-2022-07-22-006465","APPL.IDENTITYPROOF.DRIVINGLICENSE","36a6ce69-c227-4f90-9f2e-d8c9d2933f26"
"BP-CTC-2022-07-22-006465","APPL.LANDPOSSAFFI.LANDPOSSAFFI","adbd1484-e3e9-4b3a-a5be-10a8f7abbdd5"
"BP-CTC-2022-07-22-006465","APPL.LANDPOSSAFFI.LANDPOSSAFFI","05295fb3-7676-493b-9fc5-2da1352488d9"
"BP-CTC-2022-07-22-006465","APPL.OWNERIDPROOF.PASSPORT","1005c904-69a2-433d-9e66-69113515ed79"
"BP-CTC-2022-07-22-006465","APPL.ROR.ROR","ee60f91d-e126-4019-bf6b-764d76690f40"
"BP-CTC-2022-07-22-006465","APPL.SALEGIFTDEED.SALEGIFTDEED","27548318-5a7c-457c-9f56-852cdcce699c"
"BP-CTC-2022-07-22-006465","APPL.SALEGIFTDEED.SALEGIFTDEED","06bd702d-a6ad-4b63-972b-f8390804b610"
"BP-CTC-2022-07-22-006465","BPD.BPL.BPL","270ac3a7-235f-44b4-a730-82f67da09133"
"BP-CTC-2022-07-22-006465","BPD.BPL.BPL","f70d7822-da70-456a-8fdc-efa42f182fea"
"BP-CTC-2022-07-22-006465","BPD.LP.LP","78e55d90-99d8-45ce-ae2b-e4bf67a5101b"
"BP-CTC-2022-07-22-006465","BPD.LP.LP","6563d82a-8c6f-451f-8be7-24bcb32ee4e8"
"BP-CTC-2022-07-22-006465","BPD.SP.SP","926aec59-c65f-4471-8e43-773c26be5284"
"BP-CTC-2022-07-22-006465","BPD.SP.SP","52d5fb9b-b0d8-49aa-9af9-16424fedfe13"
