"applicationno","documenttype","filestoreid","lastmodifiedtime"
"BP-CTC-2022-06-16-004768","APPL.LANDPOSSAFFI.LANDPOSSAFFI","2303c7b8-2d09-4e2a-80af-93af5345601a","1657123506717"
"BP-CTC-2022-06-16-004768","APPL.OTHERDOCUMENT","08caf9ef-ca84-4343-b36d-4fb0572d0a90","1657123506717"
"BP-CTC-2022-06-16-004768","BPD.SSUPCERT.SSUPCERT","4bb89ab5-78d0-4795-b8a1-26fd51b5e30e","1657123501682"
"BP-CTC-2022-06-16-004768","APPL.ROR.ROR","ceee650d-2d25-41c7-9509-5b3e731588fd","1657123501682"
"BP-CTC-2022-06-16-004768","APPL.SALEGIFTDEED.SALEGIFTDEED","790860ae-3a4a-49cd-a897-276ee588d408","1657123501682"
"BP-SMB-2022-02-07-000722","APPL.SALEGIFTDEED.SALEGIFTDEED","89f70144-4d84-4b4f-a060-3038522bd8ef","1646388480596"
"BP-CTC-2022-06-16-004768","APPL.REVSITEPLAN.REVSITEPLAN","50eb7eb3-5949-46b1-b6ab-614aed0673f1","1657123501682"
"BP-CTC-2022-06-16-004768","APPL.IDENTITYPROOF.DRIVINGLICENSE","02af2600-d358-4965-88d0-ce032b1ea629","1657123501682"
"BP-SMB-2022-02-07-000722","APPL.IDENTITYPROOF.DRIVINGLICENSE","1d7ceb72-44bb-4041-8f2e-c7cf72aae581","1644685013506"
"BP-SMB-2022-02-07-000722","APPL.OWNERIDPROOF.DRIVINGLICENSE","1009e25d-82d1-4508-af91-ae162afdde58","1644685013506"
"BP-SMB-2022-02-07-000722","APPL.ROR.ROR","96d11d42-c1a4-47b2-8510-aaa7cacdd949","1644685013506"
"BP-CTC-2022-06-16-004768","APPL.OWNERIDPROOF.DRIVINGLICENSE","274ab7c5-397b-4a71-b905-2c6457658c86","1657123501682"
"BP-CTC-2022-06-16-004768","APPL.LANDPOSSAFFI.LANDPOSSAFFI","2303c7b8-2d09-4e2a-80af-93af5345601a","1657123501682"
"BP-CTC-2022-06-16-004768","APPL.OTHERDOCUMENT","08caf9ef-ca84-4343-b36d-4fb0572d0a90","1657123501682"
"BP-SMB-2022-02-07-000722","APPL.REVSITEPLAN.REVSITEPLAN","0b10b587-3034-42f9-9172-ae569e5640e8","1644685013506"
"BP-SMB-2022-02-07-000722","APPL.LANDPOSSAFFI.LANDPOSSAFFI","aeeb38f9-d5d3-46f3-9919-0281a6fa63fa","1644685013506"
"BP-SMB-2022-02-07-000722","BPD.BPL.BPL","e3dfea93-4802-4338-8673-f7f16c92f5e5","1644685013506"
"BP-SMB-2022-02-07-000722","BPD.SP.SP","9c8b2175-8ee1-41a4-a7e2-44028edfc060","1644685013506"
"BP-SMB-2022-02-07-000722","BPD.LP.LP","60db9494-26dc-4c91-92f1-359c81a09602","1644685013506"
"BP-SMB-2022-02-07-000722","BPD.SITEPHOTO.SITEPHOTO","5d1e6386-a590-4204-87e9-760bfe0cfeb2","1644685013506"
"BP-SMB-2022-02-07-000722","BPD.SSUPCERT.SSUPCERT","0fa0c07a-bd12-4785-954a-008fb530889b","1644685013506"
"BP-SMB-2022-02-07-000722","ADDL.BENCHMARKCERTIFICATE.BENCHMARKCERTIFICATE","920e3d62-9137-4a1f-a559-4e481685d9ac","1644685013506"
"BP-SMB-2022-02-07-000722","ADDL.REGULARISATIONANNEXUREI.REGULARISATIONANNEXUREI","5ecc6fb1-fcc2-4af2-a82a-c34b351d6229","1644685013506"
"BP-SMB-2022-02-07-000722","APPL.IDENTITYPROOF.DRIVINGLICENSE","1d7ceb72-44bb-4041-8f2e-c7cf72aae581","1646388480596"
"BP-SMB-2022-02-07-000722","APPL.OWNERIDPROOF.DRIVINGLICENSE","1009e25d-82d1-4508-af91-ae162afdde58","1646388480596"
"BP-SMB-2022-02-07-000722","APPL.ROR.ROR","96d11d42-c1a4-47b2-8510-aaa7cacdd949","1646388480596"
"BP-SMB-2022-02-07-000722","APPL.SALEGIFTDEED.SALEGIFTDEED","bee9f18b-49b9-4a62-b4dd-3bb7c3f442e7","1646388480596"
"BP-SMB-2022-02-07-000722","APPL.REVSITEPLAN.REVSITEPLAN","0b10b587-3034-42f9-9172-ae569e5640e8","1646388480596"
"BP-SMB-2022-02-07-000722","APPL.LANDPOSSAFFI.LANDPOSSAFFI","aeeb38f9-d5d3-46f3-9919-0281a6fa63fa","1646388480596"
"BP-SMB-2022-02-07-000722","BPD.BPL.BPL","e3dfea93-4802-4338-8673-f7f16c92f5e5","1646388480596"
"BP-SMB-2022-02-07-000722","BPD.SP.SP","9c8b2175-8ee1-41a4-a7e2-44028edfc060","1646388480596"
"BP-SMB-2022-02-07-000722","BPD.LP.LP","60db9494-26dc-4c91-92f1-359c81a09602","1646388480596"
"BP-SMB-2022-02-07-000722","BPD.SITEPHOTO.SITEPHOTO","5d1e6386-a590-4204-87e9-760bfe0cfeb2","1646388480596"
"BP-SMB-2022-02-07-000722","BPD.SSUPCERT.SSUPCERT","0fa0c07a-bd12-4785-954a-008fb530889b","1646388480596"
"BP-SMB-2022-02-07-000722","ADDL.BENCHMARKCERTIFICATE.BENCHMARKCERTIFICATE","920e3d62-9137-4a1f-a559-4e481685d9ac","1646388480596"
"BP-SMB-2022-02-07-000722","ADDL.REGULARISATIONANNEXUREI.REGULARISATIONANNEXUREI","5ecc6fb1-fcc2-4af2-a82a-c34b351d6229","1646388480596"
"BP-VSN-2022-04-27-002938","APPL.IDENTITYPROOF.DRIVINGLICENSE","4384b5a8-b9b6-4504-9dd3-edd5bb23424c","1656499708167"
"BP-VSN-2022-04-27-002938","ADDL.POSSESSIONLETTER.POSSESSIONLETTER","68a54cc5-fab6-4c68-9b3f-4fb615e1dda0","1656499708167"
"BP-BAM-2022-06-14-004717","BPD.BPL.BPL","3d334d0f-4798-491b-b659-df21a99e0d0f","1656996876883"
"BP-BAM-2022-06-14-004717","BPD.SITEPHOTO.SITEPHOTO","bb14cc9c-34f1-4ccc-88cc-4fe36b4fbd1a","1656996876883"
"BP-BAM-2022-06-14-004717","BPD.SITEPHOTO.SITEPHOTO","ee271896-e670-4a78-ba8f-51ccbbe05a3d","1656996876883"
"BP-BDA-2022-05-30-003858","APPL.OWNERIDPROOF.DRIVINGLICENSE","7f0e6a08-df32-4e14-b9fe-04f7ec680853","1653892661753"
"BP-BDA-2022-05-30-003858","APPL.ROR.ROR","1fa67e49-1fa0-4cc4-a0c9-6941f2a73844","1653892661753"
"BP-BDA-2022-05-30-003858","APPL.SALEGIFTDEED.SALEGIFTDEED","f8415789-64fb-4bd7-a753-c3d05a7faa90","1653892661753"
"BP-BDA-2022-05-30-003858","APPL.REVSITEPLAN.REVSITEPLAN","742e706b-81b4-45a4-9f4c-64f8f26e167b","1653892661753"
"BP-BDA-2022-05-30-003858","APPL.OTHERDOCUMENT","bf216d2b-f6d3-4917-abcf-c8ea5d51d5de","1653892661753"
"BP-BDA-2022-05-30-003858","APPL.OTHERDOCUMENT","7b09e0de-3694-4e7f-8cf0-d487c2551f49","1653892661753"
"BP-BDA-2022-05-30-003858","BPD.BPL.BPL","b8b51cc4-68df-4201-9712-61c11f96d3f5","1653892661753"
"BP-BDA-2022-05-30-003858","BPD.SP.SP","e271f417-2146-4466-8c34-462f1551a64e","1653892661753"
"BP-BDA-2022-05-30-003858","APPL.IDENTITYPROOF.DRIVINGLICENSE","b6403345-69c9-4f55-81a9-1ce892698220","1653892661753"
"BP-BDA-2022-05-30-003858","BPD.LP.LP","334bbd2f-8b5c-470e-b298-3e95050e63fd","1653892661753"
"BP-BDA-2022-05-30-003858","APPL.LANDPOSSAFFI.LANDPOSSAFFI","d554d15b-f24c-4a7f-97b2-b768496953a0","1653975581790"
"BP-BDA-2022-05-30-003858","BPD.MATSPEC.MATSPEC","f8bdf774-912a-454f-8785-94058f35f241","1653892661753"
"BP-BDA-2022-05-30-003858","BPD.SITEPHOTO.SITEPHOTO","47ad2e43-ebf7-41f0-ace8-86cd3bf0da6e","1653892661753"
"BP-BDA-2022-05-30-003858","BPD.SSUPCERT.SSUPCERT","41d28c74-6f2c-44d0-80bb-b89de6a53f76","1653892661753"
"BP-BDA-2022-05-30-003858","BPD.SSTABCERT.SSTABCERT","82fef895-bdc3-462f-a2ee-ce65b4f5c6c9","1653892661753"
"BP-BDA-2022-05-29-003842","BPD.SITEPHOTO.SITEPHOTO","0bd84a93-882b-4bcb-a27e-f71f48eba561","1655363629407"
"BP-BDA-2022-05-29-003842","BPD.SITEPHOTO.SITEPHOTO","81fb06c2-ba9f-4397-86db-473e930c117c","1655363629407"
"BP-BDA-2022-05-29-003842","BPD.SITEPHOTO.SITEPHOTO","22a34ed0-b066-4832-adca-d058b5ab8f3c","1655363629407"
"BP-BDA-2022-05-29-003842","BPD.SITEPHOTO.SITEPHOTO","83650503-4b89-491d-a865-b7956dcc1931","1655363629407"
"BP-BDA-2022-05-29-003842","BPD.SSUPCERT.SSUPCERT","bb32691d-db8a-48d2-97c9-cbe0e0e4744a","1655363629407"
"BP-BDA-2022-05-29-003842","BPD.SSTABCERT.SSTABCERT","73a06a71-7461-4c3d-bb4a-71705337dccd","1655363629407"
"BP-BDA-2022-05-29-003842","APPL.IDENTITYPROOF.DRIVINGLICENSE","be225f35-f824-4328-a527-3f1ec272f1c7","1655363630886"
"BP-BDA-2022-05-29-003842","APPL.ROR.ROR","2d270fdf-2cb5-4288-a438-bb70031cadf0","1655363630886"
"BP-BDA-2022-05-29-003842","APPL.SALEGIFTDEED.SALEGIFTDEED","49a72e4a-62e5-44e9-bae1-4da4f4264b7b","1655363630886"
"BP-BDA-2022-05-29-003842","APPL.REVSITEPLAN.REVSITEPLAN","b58534b4-ebc0-4a66-8f14-e99bb53fb204","1655363630886"
"BP-BDA-2022-05-29-003842","APPL.LANDPOSSAFFI.LANDPOSSAFFI","ec9aa590-afa2-44c6-a782-9959e7dca1d0","1655363630886"
"BP-BDA-2022-05-29-003842","BPD.BPL.BPL","b7117126-f8fc-4eb1-a94a-47a076f3b6a2","1655363630886"
"BP-BDA-2022-05-30-003858","APPL.OWNERIDPROOF.DRIVINGLICENSE","7f0e6a08-df32-4e14-b9fe-04f7ec680853","1653975581790"
"BP-BDA-2022-05-30-003858","APPL.IDENTITYPROOF.DRIVINGLICENSE","b6403345-69c9-4f55-81a9-1ce892698220","1653975581790"
"BP-BDA-2022-05-30-003858","APPL.ROR.ROR","1fa67e49-1fa0-4cc4-a0c9-6941f2a73844","1653975581790"
"BP-BDA-2022-05-30-003858","APPL.SALEGIFTDEED.SALEGIFTDEED","f8415789-64fb-4bd7-a753-c3d05a7faa90","1653975581790"
"BP-BDA-2022-05-30-003858","APPL.REVSITEPLAN.REVSITEPLAN","742e706b-81b4-45a4-9f4c-64f8f26e167b","1653975581790"
"BP-BDA-2022-05-30-003858","APPL.OTHERDOCUMENT","bf216d2b-f6d3-4917-abcf-c8ea5d51d5de","1653975581790"
"BP-BDA-2022-05-30-003858","APPL.OTHERDOCUMENT","7b09e0de-3694-4e7f-8cf0-d487c2551f49","1653975581790"
"BP-BDA-2022-05-30-003858","BPD.BPL.BPL","b8b51cc4-68df-4201-9712-61c11f96d3f5","1653975581790"
"BP-BDA-2022-05-30-003858","BPD.SP.SP","e271f417-2146-4466-8c34-462f1551a64e","1653975581790"
"BP-BDA-2022-05-30-003858","BPD.LP.LP","334bbd2f-8b5c-470e-b298-3e95050e63fd","1653975581790"
"BP-BDA-2022-05-30-003858","BPD.MATSPEC.MATSPEC","f8bdf774-912a-454f-8785-94058f35f241","1653975581790"
"BP-BDA-2022-05-30-003858","BPD.SITEPHOTO.SITEPHOTO","47ad2e43-ebf7-41f0-ace8-86cd3bf0da6e","1653975581790"
"BP-BDA-2022-05-30-003858","BPD.SSUPCERT.SSUPCERT","41d28c74-6f2c-44d0-80bb-b89de6a53f76","1653975581790"
"BP-BDA-2022-05-30-003858","BPD.SSTABCERT.SSTABCERT","82fef895-bdc3-462f-a2ee-ce65b4f5c6c9","1653975581790"
"BP-BDA-2022-05-29-003842","BPD.SITEPHOTO.SITEPHOTO","0bd84a93-882b-4bcb-a27e-f71f48eba561","1655363630886"
"BP-BDA-2022-05-29-003842","BPD.SITEPHOTO.SITEPHOTO","81fb06c2-ba9f-4397-86db-473e930c117c","1655363630886"
"BP-BDA-2022-05-29-003842","BPD.SITEPHOTO.SITEPHOTO","22a34ed0-b066-4832-adca-d058b5ab8f3c","1655363630886"
"BP-BDA-2022-05-29-003842","BPD.SITEPHOTO.SITEPHOTO","83650503-4b89-491d-a865-b7956dcc1931","1655363630886"
"BP-BDA-2022-05-29-003842","BPD.SSUPCERT.SSUPCERT","bb32691d-db8a-48d2-97c9-cbe0e0e4744a","1655363630886"
"BP-BDA-2022-05-29-003842","BPD.SSTABCERT.SSTABCERT","73a06a71-7461-4c3d-bb4a-71705337dccd","1655363630886"
"BP-CTC-2022-06-16-004768","BPD.BPL.BPL","7d751e6e-d9c0-425f-abfc-f2793c5ee00c","1657123501682"
"BP-BAM-2022-06-14-004717","APPL.IDENTITYPROOF.DRIVINGLICENSE","b289546a-56e1-4cc7-a6d1-b985c254e95d","1656996876883"
"BP-BAM-2022-06-14-004717","APPL.LANDPOSSAFFI.LANDPOSSAFFI","67fcf60c-b4c4-4fc5-87d7-7aa180c94787","1656996876883"
"BP-BAM-2022-06-14-004717","BPD.LP.LP","4c82d2b2-9ea4-4eab-b444-9abd9a0839d8","1656996876883"
"BP-BAM-2022-06-14-004717","BPD.MATSPEC.MATSPEC","e72f0138-ad21-456e-8dc4-fc3c7f16bbc8","1656996876883"
"BP-BAM-2022-06-14-004717","BPD.SP.SP","613dc7d5-6400-4c6b-b5ce-4be4d64a08de","1656996876883"
"BP-VSN-2022-04-27-002938","BPD.BPL.BPL","403148b3-04fb-4d35-af0e-ff3ea9184dde","1656499707702"
"BP-VSN-2022-04-27-002938","APPL.ROR.ROR","b864347c-7552-4bfd-b017-48412dc4976a","1656499707702"
"BP-VSN-2022-04-27-002938","ADDL.APPROVEDLAYOUT.APPROVEDLAYOUT","8ecf2152-2069-4599-9113-36eeda250c3d","1656499708167"
"BP-VSN-2022-04-27-002938","APPL.ROR.ROR","f6c1b468-86fb-4089-a80f-95a6aae658fe","1656499708167"
"BP-VSN-2022-04-27-002938","APPL.SALEGIFTDEED.SALEGIFTDEED","a675ed93-816b-4b5e-8163-9bf0d8bc4627","1656499708167"
"BP-VSN-2022-04-27-002938","BPD.BPL.BPL","5a3d64f0-ddc8-4a6c-9120-411a9e990029","1656499708167"
"BP-VSN-2022-04-27-002938","BPD.SP.SP","019de94e-d60d-4003-b13d-866994e0d00f","1656499708167"
"BP-VSN-2022-04-27-002938","BPD.SSUPCERT.SSUPCERT","4890e597-c10c-4012-b367-594e6c449158","1656499708167"
"BP-VSN-2022-04-27-002938","BPD.SSTABCERT.SSTABCERT","5996c83c-2e4e-4467-acb0-eef4a108e5fb","1656499708167"
"BP-VSN-2022-04-27-002938","BPD.3RDPARTYSTRUCCERT.3RDPARTYSTRUCCERT","47f44c25-9bf0-4138-a131-a5047e0424bd","1656499708167"
"BP-VSN-2022-04-27-002938","APPL.OWNERIDPROOF.DRIVINGLICENSE","97644b96-b13d-4ab9-b3e9-570684640f0f","1656499708167"
"BP-VSN-2022-04-27-002938","APPL.REVSITEPLAN.REVSITEPLAN","bf0024e0-4574-4ad0-a2fb-4bc4f80cfe35","1656499708167"
"BP-VSN-2022-04-27-002938","APPL.LANDPOSSAFFI.LANDPOSSAFFI","5fb46a27-2917-4746-ba19-27b48f3b699e","1656499708167"
"BP-VSN-2022-04-27-002938","BPD.LP.LP","bd9416eb-17d3-4283-9885-0379fcfb9a41","1656499708167"
"BP-VSN-2022-04-27-002938","BPD.MATSPEC.MATSPEC","c9904e6d-be40-4384-9d37-adca27e754f4","1656499708167"
"BP-VSN-2022-04-27-002938","BPD.SITEPHOTO.SITEPHOTO","b1f8dc73-2cbc-4e58-a056-880c37024cb7","1656499708167"
"BP-VSN-2022-04-27-002938","BPD.BPL.BPL","403148b3-04fb-4d35-af0e-ff3ea9184dde","1656499708167"
"BP-VSN-2022-04-27-002938","APPL.ROR.ROR","b864347c-7552-4bfd-b017-48412dc4976a","1656499708167"
"BP-BAM-2022-06-14-004717","BPD.BPL.BPL","10631441-14fd-4778-82bf-9c2ffd5ff645","1656996895005"
"BP-BAM-2022-06-14-004717","BPD.BPL.BPL","913ff3af-15d8-4bb4-a9f7-6a64a438addb","1656996895005"
"BP-BAM-2022-06-14-004717","APPL.OWNERIDPROOF.DRIVINGLICENSE","30d2e91a-47b8-4bc3-9205-683f39b0c13e","1656996876883"
"BP-BAM-2022-06-14-004717","APPL.ROR.ROR","06e54bb4-9e6b-4d45-affd-3ab1f09bb2eb","1656996876883"
"BP-BAM-2022-06-14-004717","APPL.SALEGIFTDEED.SALEGIFTDEED","dddb7f2c-7cc9-4e77-812e-a7d51bebe7a5","1656996876883"
"BP-BAM-2022-06-14-004717","BPD.SITEPHOTO.SITEPHOTO","86df79ac-c016-4b87-b5d2-27e40641f142","1656996876883"
"BP-BAM-2022-06-14-004717","BPD.BPL.BPL","10631441-14fd-4778-82bf-9c2ffd5ff645","1656996876883"
"BP-BAM-2022-06-14-004717","BPD.BPL.BPL","913ff3af-15d8-4bb4-a9f7-6a64a438addb","1656996876883"
