"applicationno","id","documenttype","filestoreid","documentuid","buildingplanid","additionaldetails","createdby","lastmodifiedby","createdtime","lastmodifiedtime"
"BP-BAM-2022-05-15-003627","9520e5b6-fa37-4d69-9a29-8287614a51a5","APPL.IDENTITYPROOF.DRIVINGLICENSE","2ffe8e2c-d721-45ca-b56c-ebebaaac39f1",NULL,"9b268234-2fa0-4faf-ac0e-6f86825b2e12","{""uploadedBy"": ""Citizen"", ""uploadedTime"": 1652634875928}","f236e7f3-dcb1-41f2-9e3e-656e34abac36","f236e7f3-dcb1-41f2-9e3e-656e34abac36",1652634860026,1657907449406
"BP-BAM-2022-05-15-003627","d2c990da-c990-4c90-b1f6-bd46255ae2d7","APPL.LANDPOSSAFFI.LANDPOSSAFFI","af26e207-6cee-4f2b-9319-6c6c8e723dd3",NULL,"9b268234-2fa0-4faf-ac0e-6f86825b2e12","{""uploadedBy"": ""Citizen"", ""uploadedTime"": 1652634938892}","f236e7f3-dcb1-41f2-9e3e-656e34abac36","f236e7f3-dcb1-41f2-9e3e-656e34abac36",1652634860026,1657907449406
"BP-BAM-2022-05-15-003627","ffa40a5f-c058-401d-83ec-1fb04a4c02e1","APPL.OWNERIDPROOF.PASSPORT","dcded0c8-fed2-4fff-a93a-549a69e298eb",NULL,"9b268234-2fa0-4faf-ac0e-6f86825b2e12","{""uploadedBy"": ""Citizen"", ""uploadedTime"": 1652634881354}","f236e7f3-dcb1-41f2-9e3e-656e34abac36","f236e7f3-dcb1-41f2-9e3e-656e34abac36",1652634860026,1657907449406
"BP-BAM-2022-05-15-003627","0d0ea830-8d68-4c15-baa4-f8844f428862","APPL.ROR.ROR","c1f261fb-318a-433c-8dea-0b3311d25156",NULL,"9b268234-2fa0-4faf-ac0e-6f86825b2e12","{""uploadedBy"": ""Citizen"", ""uploadedTime"": 1652634886578}","f236e7f3-dcb1-41f2-9e3e-656e34abac36","f236e7f3-dcb1-41f2-9e3e-656e34abac36",1652634860026,1657907449406
"BP-BAM-2022-05-15-003627","6e498583-1df4-4de1-898d-1e730ac8007c","APPL.SALEGIFTDEED.SALEGIFTDEED","8e68341f-f5c9-4965-a383-161534eb2ebb",NULL,"9b268234-2fa0-4faf-ac0e-6f86825b2e12","{""uploadedBy"": ""Citizen"", ""uploadedTime"": 1652634973893}","f236e7f3-dcb1-41f2-9e3e-656e34abac36","f236e7f3-dcb1-41f2-9e3e-656e34abac36",1652634860026,1657907449406
"BP-BAM-2022-05-15-003627","131bd74a-0cf1-4ca8-8151-8eaf13ce2908","BPD.BPL.BPL","5a9dcdcb-7626-4040-a4f3-cff31882c61a",NULL,"9b268234-2fa0-4faf-ac0e-6f86825b2e12","{""uploadedBy"": ""Citizen"", ""uploadedTime"": 1657907418449}","f236e7f3-dcb1-41f2-9e3e-656e34abac36","f236e7f3-dcb1-41f2-9e3e-656e34abac36",1652634860026,1657907454542
"BP-BAM-2022-05-15-003627","b05b8437-140b-42ac-b110-bcc58cc6f18e","BPD.BPL.BPL","5a9dcdcb-7626-4040-a4f3-cff31882c61a",NULL,"9b268234-2fa0-4faf-ac0e-6f86825b2e12","{""uploadedBy"": ""Citizen"", ""uploadedTime"": 1657907418449}","f236e7f3-dcb1-41f2-9e3e-656e34abac36","f236e7f3-dcb1-41f2-9e3e-656e34abac36",1652634860026,1657907449406
"BP-BAM-2022-05-15-003627","fdc199f6-da41-4f46-9d50-4546a94b1f0d","BPD.BPL.BPL","5a9dcdcb-7626-4040-a4f3-cff31882c61a",NULL,"9b268234-2fa0-4faf-ac0e-6f86825b2e12","{""uploadedBy"": ""Citizen"", ""uploadedTime"": 1657907418449}","f236e7f3-dcb1-41f2-9e3e-656e34abac36","f236e7f3-dcb1-41f2-9e3e-656e34abac36",1652634860026,1657907446323
"BP-BAM-2022-05-15-003627","dfe74741-d7d0-4c9c-9a43-44cb50dbdd0d","BPD.SITEPHOTO.SITEPHOTO","e5f4a2ec-385b-42a4-bd75-32b6e2e8f5aa",NULL,"9b268234-2fa0-4faf-ac0e-6f86825b2e12","{""uploadedBy"": ""Citizen"", ""uploadedTime"": 1652634952110}","f236e7f3-dcb1-41f2-9e3e-656e34abac36","f236e7f3-dcb1-41f2-9e3e-656e34abac36",1652634860026,1657907449406
"BP-BAM-2022-05-15-003627","7871f0c2-8899-45fe-ab30-ca02d5da0a25","BPD.SITEPHOTO.SITEPHOTO","970dd2ee-4935-41e8-9c72-0e2bfd5cf2f6",NULL,"9b268234-2fa0-4faf-ac0e-6f86825b2e12","{""uploadedBy"": ""Citizen"", ""uploadedTime"": 1652634952495}","f236e7f3-dcb1-41f2-9e3e-656e34abac36","f236e7f3-dcb1-41f2-9e3e-656e34abac36",1652634860026,1657907449406
"BP-BAM-2022-05-15-003627","279f5237-19d5-4574-bc98-0c34134890e5","BPD.SITEPHOTO.SITEPHOTO","5b6e080e-f22d-4dcd-8d75-9ab060ed01b0",NULL,"9b268234-2fa0-4faf-ac0e-6f86825b2e12","{""uploadedBy"": ""Citizen"", ""uploadedTime"": 1652634951993}","f236e7f3-dcb1-41f2-9e3e-656e34abac36","f236e7f3-dcb1-41f2-9e3e-656e34abac36",1652634860026,1657907449406
"BP-BAM-2022-05-15-003627","c4904e37-0895-4a85-85fd-12b4db551748","BPD.SITEPHOTO.SITEPHOTO","5056ec18-5f3a-4f28-b1d8-641576e5d2c6",NULL,"9b268234-2fa0-4faf-ac0e-6f86825b2e12","{""uploadedBy"": ""Citizen"", ""uploadedTime"": 1652634949430}","f236e7f3-dcb1-41f2-9e3e-656e34abac36","f236e7f3-dcb1-41f2-9e3e-656e34abac36",1652634860026,1657907449406
"BP-BAM-2022-07-01-005627","4089e5d3-f0c4-4169-86bd-a4f4b9e2feb5","APPL.IDENTITYPROOF.DRIVINGLICENSE","37e48607-1c7c-4b3c-ac10-e78d8f233bfc",NULL,"c53ae44c-ce3b-4f74-843c-1deb269fac76","{""uploadedBy"": ""Citizen"", ""uploadedTime"": 1656657329216}","afacb7a2-1679-4062-b62d-16794c77dae2","afacb7a2-1679-4062-b62d-16794c77dae2",1656657274508,1658236907047
"BP-BAM-2022-07-01-005627","b038c05b-9add-4329-84da-b5370ad48452","APPL.LANDPOSSAFFI.LANDPOSSAFFI","93ae7ebd-3094-409b-97de-fb3b1ddb61ca",NULL,"c53ae44c-ce3b-4f74-843c-1deb269fac76","{""uploadedBy"": ""Citizen"", ""uploadedTime"": 1658150170808}","afacb7a2-1679-4062-b62d-16794c77dae2","afacb7a2-1679-4062-b62d-16794c77dae2",1656657274508,1658236907047
"BP-BAM-2022-07-01-005627","0b5591bb-1cef-4e50-a459-d1845c01c7f3","APPL.LANDPOSSAFFI.LANDPOSSAFFI","93ae7ebd-3094-409b-97de-fb3b1ddb61ca",NULL,"c53ae44c-ce3b-4f74-843c-1deb269fac76","{""uploadedBy"": ""Citizen"", ""uploadedTime"": 1658150170808}","afacb7a2-1679-4062-b62d-16794c77dae2","afacb7a2-1679-4062-b62d-16794c77dae2",1656657274508,1658236907047
"BP-BAM-2022-07-01-005627","78ea93d8-05a9-44da-9203-38435a59c4c5","APPL.LANDPOSSAFFI.LANDPOSSAFFI","cb9c31ce-3cad-4d37-b61a-e27ca7e84a85",NULL,"c53ae44c-ce3b-4f74-843c-1deb269fac76","{""uploadedBy"": ""Citizen"", ""uploadedTime"": 1656657487008}","afacb7a2-1679-4062-b62d-16794c77dae2","afacb7a2-1679-4062-b62d-16794c77dae2",1656657274508,1658236907047
"BP-BAM-2022-07-01-005627","cb88b8a3-9ade-4e29-80cf-1a8f6b688ccd","APPL.REVSITEPLAN.REVSITEPLAN","45847aa9-1a2e-4eee-b627-7a98e20d5ac0",NULL,"c53ae44c-ce3b-4f74-843c-1deb269fac76","{""uploadedBy"": ""Citizen"", ""uploadedTime"": 1658150147495}","afacb7a2-1679-4062-b62d-16794c77dae2","afacb7a2-1679-4062-b62d-16794c77dae2",1656657274508,1658236907047
"BP-BAM-2022-07-01-005627","cfd73e05-d5a2-4205-b631-10a02f6382c2","APPL.REVSITEPLAN.REVSITEPLAN","45847aa9-1a2e-4eee-b627-7a98e20d5ac0",NULL,"c53ae44c-ce3b-4f74-843c-1deb269fac76","{""uploadedBy"": ""Citizen"", ""uploadedTime"": 1658150147495}","afacb7a2-1679-4062-b62d-16794c77dae2","afacb7a2-1679-4062-b62d-16794c77dae2",1656657274508,1658236907047
"BP-BAM-2022-07-01-005627","caae3e5c-e53a-4063-8b09-43f410122f6c","APPL.REVSITEPLAN.REVSITEPLAN","0ed70f24-bf05-49e7-8d9d-0c2098bc26df",NULL,"c53ae44c-ce3b-4f74-843c-1deb269fac76","{""uploadedBy"": ""Citizen"", ""uploadedTime"": 1656657469583}","afacb7a2-1679-4062-b62d-16794c77dae2","afacb7a2-1679-4062-b62d-16794c77dae2",1656657274508,1658236907047
"BP-BAM-2022-07-01-005627","1ae9446e-7732-4003-9a24-06dcfcaa78be","APPL.ROR.ROR","cdef3f56-c63a-481b-af88-e5e774a22922",NULL,"c53ae44c-ce3b-4f74-843c-1deb269fac76","{""uploadedBy"": ""Citizen"", ""uploadedTime"": 1656657340225}","afacb7a2-1679-4062-b62d-16794c77dae2","afacb7a2-1679-4062-b62d-16794c77dae2",1656657274508,1658236907047
"BP-BAM-2022-07-01-005627","59cdfa3b-d1c2-41bf-a10a-649078958c33","APPL.SALEGIFTDEED.SALEGIFTDEED","11e3c139-501d-4936-8f8d-296de4e0b7b8",NULL,"c53ae44c-ce3b-4f74-843c-1deb269fac76","{""uploadedBy"": ""Citizen"", ""uploadedTime"": 1656657360419}","afacb7a2-1679-4062-b62d-16794c77dae2","afacb7a2-1679-4062-b62d-16794c77dae2",1656657274508,1658236907047
"BP-BAM-2022-07-01-005627","b28ce1d8-5e60-4129-bcca-1d3c8826f185","BPD.BPL.BPL","665e0e3d-10d3-4391-b807-01f9a413a8b9",NULL,"c53ae44c-ce3b-4f74-843c-1deb269fac76","{""uploadedBy"": ""Citizen"", ""uploadedTime"": 1656657494914}","afacb7a2-1679-4062-b62d-16794c77dae2","afacb7a2-1679-4062-b62d-16794c77dae2",1656657274508,1658236907047
"BP-BDA-2022-04-08-002363","f29f0747-73cd-4a75-93d6-a246dad5061b","ADDL.REGULARISATIONANNEXUREI.REGULARISATIONANNEXUREI","eea617e1-b29f-45f5-a50f-42613ac3c5cf",NULL,"79735a7f-587b-459c-b53c-6c980f9416fc","{""uploadedBy"": ""Citizen"", ""uploadedTime"": 1649418093729}","de3477e2-6c7d-49a3-b10c-80ee9660d27a","de3477e2-6c7d-49a3-b10c-80ee9660d27a",1649417360453,1658544622754
"BP-BDA-2022-04-08-002363","a195a72c-1934-415b-8261-7780aa437106","APPL.IDENTITYPROOF.DRIVINGLICENSE","63dd3423-5695-4ea0-b467-751ae4bf9170",NULL,"79735a7f-587b-459c-b53c-6c980f9416fc","{""uploadedBy"": ""Citizen"", ""uploadedTime"": 1649417786159}","de3477e2-6c7d-49a3-b10c-80ee9660d27a","de3477e2-6c7d-49a3-b10c-80ee9660d27a",1649417360453,1658544622754
"BP-BDA-2022-04-08-002363","736aa546-d625-4b6a-ab71-6e43444f2ceb","APPL.LANDPOSSAFFI.LANDPOSSAFFI","56940fd9-a029-4ab2-b174-1669589d1e8b",NULL,"79735a7f-587b-459c-b53c-6c980f9416fc","{""uploadedBy"": ""Citizen"", ""uploadedTime"": 1649417947526}","de3477e2-6c7d-49a3-b10c-80ee9660d27a","de3477e2-6c7d-49a3-b10c-80ee9660d27a",1649417360453,1658544622754
"BP-BDA-2022-04-08-002363","963c25ba-1934-40de-8250-1fa126e39c5d","APPL.OTHERDOCUMENT","9a996192-148a-46f6-b052-51b6216e03e7",NULL,"79735a7f-587b-459c-b53c-6c980f9416fc","{""uploadedBy"": ""Citizen"", ""uploadedTime"": 1658233414201}","de3477e2-6c7d-49a3-b10c-80ee9660d27a","de3477e2-6c7d-49a3-b10c-80ee9660d27a",1649417360453,1658544622754
"BP-BDA-2022-04-08-002363","3797145e-d2e8-4c87-8728-f5ddc18480e2","APPL.OTHERDOCUMENT","9a996192-148a-46f6-b052-51b6216e03e7",NULL,"79735a7f-587b-459c-b53c-6c980f9416fc","{""uploadedBy"": ""Citizen"", ""uploadedTime"": 1658233414201}","de3477e2-6c7d-49a3-b10c-80ee9660d27a","de3477e2-6c7d-49a3-b10c-80ee9660d27a",1649417360453,1658544622754
"BP-BDA-2022-04-08-002363","9e8c03b9-855e-4152-ae7e-077cee1f5b34","APPL.OTHERDOCUMENT","9a996192-148a-46f6-b052-51b6216e03e7",NULL,"79735a7f-587b-459c-b53c-6c980f9416fc","{""uploadedBy"": ""Citizen"", ""uploadedTime"": 1658233414201}","de3477e2-6c7d-49a3-b10c-80ee9660d27a","de3477e2-6c7d-49a3-b10c-80ee9660d27a",1649417360453,1658544622754
"BP-BDA-2022-04-08-002363","62a3fad7-2b61-40ef-b73b-6bf8f67b88e5","APPL.OWNERIDPROOF.DRIVINGLICENSE","d076ec08-a12b-4fc1-8950-62e50b8988d9",NULL,"79735a7f-587b-459c-b53c-6c980f9416fc","{""uploadedBy"": ""Citizen"", ""uploadedTime"": 1649417796115}","de3477e2-6c7d-49a3-b10c-80ee9660d27a","de3477e2-6c7d-49a3-b10c-80ee9660d27a",1649417360453,1658544622754
"BP-BDA-2022-04-08-002363","8e00861d-dc61-4847-847a-3440125046e9","APPL.REVSITEPLAN.REVSITEPLAN","7014afda-910d-443f-b45b-9e96f56dafc1",NULL,"79735a7f-587b-459c-b53c-6c980f9416fc","{""uploadedBy"": ""Citizen"", ""uploadedTime"": 1649417939150}","de3477e2-6c7d-49a3-b10c-80ee9660d27a","de3477e2-6c7d-49a3-b10c-80ee9660d27a",1649417360453,1658544622754
"BP-BDA-2022-04-08-002363","7fad8d10-a5df-40be-8bc0-14edae9fab27","APPL.ROR.ROR","9b54ab09-3610-4400-b9db-066dfe454128",NULL,"79735a7f-587b-459c-b53c-6c980f9416fc","{""uploadedBy"": ""Citizen"", ""uploadedTime"": 1649417812574}","de3477e2-6c7d-49a3-b10c-80ee9660d27a","de3477e2-6c7d-49a3-b10c-80ee9660d27a",1649417360453,1658544622754
"BP-BDA-2022-04-08-002363","3099f895-2f96-4818-8efb-18d0b73173ed","APPL.SALEGIFTDEED.SALEGIFTDEED","076c9ea9-546e-4882-9728-7f2470cd6874",NULL,"79735a7f-587b-459c-b53c-6c980f9416fc","{""uploadedBy"": ""Citizen"", ""uploadedTime"": 1649417820379}","de3477e2-6c7d-49a3-b10c-80ee9660d27a","de3477e2-6c7d-49a3-b10c-80ee9660d27a",1649417360453,1658544622754
"BP-BDA-2022-04-08-002363","7dfcdcf8-f8d1-4884-9468-f7fa5651b54f","BPD.3RDPARTYSTRUCCERT.3RDPARTYSTRUCCERT","18db73ac-572b-49c6-80a9-2892c8f78355",NULL,"79735a7f-587b-459c-b53c-6c980f9416fc","{""uploadedBy"": ""Citizen"", ""uploadedTime"": 1649418068766}","de3477e2-6c7d-49a3-b10c-80ee9660d27a","de3477e2-6c7d-49a3-b10c-80ee9660d27a",1649417360453,1658544622754
"BP-BDA-2022-04-08-002363","8bb6f3c8-91c2-413f-bbc8-f209e04d5fb4","BPD.BPL.BPL","f673538b-bcc4-4595-94a5-dfbc24c3f9b4",NULL,"79735a7f-587b-459c-b53c-6c980f9416fc","{""uploadedBy"": ""Citizen"", ""uploadedTime"": 1649417963645}","de3477e2-6c7d-49a3-b10c-80ee9660d27a","de3477e2-6c7d-49a3-b10c-80ee9660d27a",1649417360453,1658544622754
"BP-BDA-2022-04-08-002363","86610711-c63d-4001-83c8-89e6270ffab7","BPD.LP.LP","f76eb53f-f20e-4bb5-92a5-5787277897cf",NULL,"79735a7f-587b-459c-b53c-6c980f9416fc","{""uploadedBy"": ""Citizen"", ""uploadedTime"": 1649417975439}","de3477e2-6c7d-49a3-b10c-80ee9660d27a","de3477e2-6c7d-49a3-b10c-80ee9660d27a",1649417360453,1658544622754
"BP-BDA-2022-04-08-002363","c9168069-1294-4c00-bfbe-3ec576dde50c","BPD.MATSPEC.MATSPEC","55d4df50-ed1e-435f-9d6b-6c2c7b5d5a91",NULL,"79735a7f-587b-459c-b53c-6c980f9416fc","{""uploadedBy"": ""Citizen"", ""uploadedTime"": 1649417983336}","de3477e2-6c7d-49a3-b10c-80ee9660d27a","de3477e2-6c7d-49a3-b10c-80ee9660d27a",1649417360453,1658544622754
"BP-BDA-2022-04-08-002363","5be49bb3-3e74-40d9-a2c5-b71bf9d76220","BPD.SITEPHOTO.SITEPHOTO","4391c9ba-3088-43eb-b342-818245cb98b4",NULL,"79735a7f-587b-459c-b53c-6c980f9416fc","{""uploadedBy"": ""Citizen"", ""uploadedTime"": 1649417988593}","de3477e2-6c7d-49a3-b10c-80ee9660d27a","de3477e2-6c7d-49a3-b10c-80ee9660d27a",1649417360453,1658544622754
"BP-BDA-2022-04-08-002363","b9f0ef37-472c-46e4-913c-d85f645b7b7d","BPD.SP.SP","90e1914a-d9df-4690-9646-a78bd22094d4",NULL,"79735a7f-587b-459c-b53c-6c980f9416fc","{""uploadedBy"": ""Citizen"", ""uploadedTime"": 1649417968817}","de3477e2-6c7d-49a3-b10c-80ee9660d27a","de3477e2-6c7d-49a3-b10c-80ee9660d27a",1649417360453,1658544622754
"BP-BDA-2022-04-08-002363","9104a0ba-e4bb-4b75-948b-7c6241ffea01","BPD.SSTABCERT.SSTABCERT","9bb3c948-a711-494d-aa61-0413f6d12ef4",NULL,"79735a7f-587b-459c-b53c-6c980f9416fc","{""uploadedBy"": ""Citizen"", ""uploadedTime"": 1649418003949}","de3477e2-6c7d-49a3-b10c-80ee9660d27a","de3477e2-6c7d-49a3-b10c-80ee9660d27a",1649417360453,1658544622754
"BP-BDA-2022-04-08-002363","83233a18-9671-43fe-a524-185dd184981b","BPD.SSUPCERT.SSUPCERT","8f79bf3c-305b-43ac-b3fb-fd6e72831c0d",NULL,"79735a7f-587b-459c-b53c-6c980f9416fc","{""uploadedBy"": ""Citizen"", ""uploadedTime"": 1649417995744}","de3477e2-6c7d-49a3-b10c-80ee9660d27a","de3477e2-6c7d-49a3-b10c-80ee9660d27a",1649417360453,1658544622754
"BP-BDA-2022-04-10-002396","c008ede8-ccb1-4753-ba4d-9e4b7de2382a","ADDL.APPROVEDLAYOUT.APPROVEDLAYOUT","a5ddc3c6-03d5-4973-8760-d2e70a48636a",NULL,"8b04244e-c548-46aa-808d-281238ccded4","{""uploadedBy"": ""Citizen"", ""uploadedTime"": 1649577378898}","824f170e-6cfe-48f0-a164-979643eacf26","824f170e-6cfe-48f0-a164-979643eacf26",1649575510350,1654090131942
"BP-BDA-2022-04-10-002396","5bc587b4-c2d7-44ff-8d8b-dbd043fed09d","ADDL.BENCHMARKCERTIFICATE.BENCHMARKCERTIFICATE","99ae0990-3fa7-42fc-a61a-de0ea5ccf11a",NULL,"8b04244e-c548-46aa-808d-281238ccded4","{""uploadedBy"": ""Citizen"", ""uploadedTime"": 1649577409279}","824f170e-6cfe-48f0-a164-979643eacf26","824f170e-6cfe-48f0-a164-979643eacf26",1649575510350,1654090131942
"BP-BDA-2022-04-10-002396","38a00b1d-0c67-463b-ae13-3bc15a252475","ADDL.POSSESSIONLETTER.POSSESSIONLETTER","29aa344d-4d5a-4e8f-82c0-748a9721d1db",NULL,"8b04244e-c548-46aa-808d-281238ccded4","{""uploadedBy"": ""Citizen"", ""uploadedTime"": 1649577259189}","824f170e-6cfe-48f0-a164-979643eacf26","824f170e-6cfe-48f0-a164-979643eacf26",1649575510350,1654090131942
"BP-BDA-2022-04-10-002396","ca3e40ca-38ba-4251-bc1c-f5f34296ddc5","APPL.IDENTITYPROOF.DRIVINGLICENSE","af0badcb-6ad4-4bd0-84e6-84e2eaa894f1",NULL,"8b04244e-c548-46aa-808d-281238ccded4","{""uploadedBy"": ""Citizen"", ""uploadedTime"": 1649576916394}","824f170e-6cfe-48f0-a164-979643eacf26","824f170e-6cfe-48f0-a164-979643eacf26",1649575510350,1654090131942
"BP-BDA-2022-04-10-002396","0a2b9e58-4b73-4ea4-a1d7-8930b85318bc","APPL.LANDPOSSAFFI.LANDPOSSAFFI","e06583fc-b461-4eb5-9d57-b34acb90a978",NULL,"8b04244e-c548-46aa-808d-281238ccded4","{""uploadedBy"": ""Citizen"", ""uploadedTime"": 1649577061615}","824f170e-6cfe-48f0-a164-979643eacf26","824f170e-6cfe-48f0-a164-979643eacf26",1649575510350,1654090131942
"BP-BDA-2022-04-10-002396","1b87f2e7-a9f2-4231-95f3-22e94fba7f10","APPL.OTHERDOCUMENT","3eb15d91-6ee6-4cd6-8c90-5ef0cc465af6",NULL,"8b04244e-c548-46aa-808d-281238ccded4","{""uploadedBy"": ""Citizen"", ""uploadedTime"": 1649577185754}","824f170e-6cfe-48f0-a164-979643eacf26","824f170e-6cfe-48f0-a164-979643eacf26",1649575510350,1654090131942
"BP-BDA-2022-04-10-002396","0d81724c-d784-4811-9391-99b2ab491f23","APPL.REVSITEPLAN.REVSITEPLAN","b331ff14-024d-4375-80ce-bd71bf58dd7f",NULL,"8b04244e-c548-46aa-808d-281238ccded4","{""uploadedBy"": ""Citizen"", ""uploadedTime"": 1649577053998}","824f170e-6cfe-48f0-a164-979643eacf26","824f170e-6cfe-48f0-a164-979643eacf26",1649575510350,1654090131942
"BP-BDA-2022-04-10-002396","848a270c-1c4a-4ae8-9fe7-a59de89eedce","APPL.ROR.ROR","bf23a7fc-3e49-462b-95e8-31189b613a17",NULL,"8b04244e-c548-46aa-808d-281238ccded4","{""uploadedBy"": ""Citizen"", ""uploadedTime"": 1649576956952}","824f170e-6cfe-48f0-a164-979643eacf26","824f170e-6cfe-48f0-a164-979643eacf26",1649575510350,1654090131942
"BP-BDA-2022-04-10-002396","d0e274dd-4027-4139-bba1-88cd27233f68","APPL.SALEGIFTDEED.SALEGIFTDEED","5eb0d681-35ad-46d9-a88a-947ebb12440a",NULL,"8b04244e-c548-46aa-808d-281238ccded4","{""uploadedBy"": ""Citizen"", ""uploadedTime"": 1649576991979}","824f170e-6cfe-48f0-a164-979643eacf26","824f170e-6cfe-48f0-a164-979643eacf26",1649575510350,1654090131942
"BP-BDA-2022-04-10-002396","1801bf90-5399-41db-a6ea-4363b8e49536","BPD.3RDPARTYSTRUCCERT.3RDPARTYSTRUCCERT","9d7f0fc4-bbfe-45c8-bb0f-12be7dc44c18",NULL,"8b04244e-c548-46aa-808d-281238ccded4","{""uploadedBy"": ""Citizen"", ""uploadedTime"": 1649577480326}","824f170e-6cfe-48f0-a164-979643eacf26","824f170e-6cfe-48f0-a164-979643eacf26",1649575510350,1654090131942
"BP-BDA-2022-04-10-002396","ce941796-3d1e-41e8-897c-6dd8395abcb8","BPD.BPL.BPL","9485018d-a4ce-42cd-8434-fb95fa08302d",NULL,"8b04244e-c548-46aa-808d-281238ccded4","{""uploadedBy"": ""Citizen"", ""uploadedTime"": 1653015230229}","824f170e-6cfe-48f0-a164-979643eacf26","824f170e-6cfe-48f0-a164-979643eacf26",1649575510350,1654090131942
"BP-BDA-2022-04-10-002396","54037ec7-a104-4a55-a550-805d44205217","BPD.BPL.BPL","9485018d-a4ce-42cd-8434-fb95fa08302d",NULL,"8b04244e-c548-46aa-808d-281238ccded4","{""uploadedBy"": ""Citizen"", ""uploadedTime"": 1653015230229}","824f170e-6cfe-48f0-a164-979643eacf26","824f170e-6cfe-48f0-a164-979643eacf26",1649575510350,1654090131942
"BP-BDA-2022-04-10-002396","74bf0d39-082f-46b8-9f76-e9e4a1645dce","BPD.BPL.BPL","369a058a-13a0-44d5-b636-aa733716faa6",NULL,"8b04244e-c548-46aa-808d-281238ccded4","{""uploadedBy"": ""Citizen"", ""uploadedTime"": 1649577119127}","824f170e-6cfe-48f0-a164-979643eacf26","824f170e-6cfe-48f0-a164-979643eacf26",1649575510350,1654090131942
"BP-BDA-2022-04-10-002396","2d1fdf74-39d2-4ea6-a5cb-6e7356697472","BPD.LP.LP","01a73ef8-da79-446e-a9c0-6b7088742100",NULL,"8b04244e-c548-46aa-808d-281238ccded4","{""uploadedBy"": ""Citizen"", ""uploadedTime"": 1649577213776}","824f170e-6cfe-48f0-a164-979643eacf26","824f170e-6cfe-48f0-a164-979643eacf26",1649575510350,1654090131942
"BP-BDA-2022-04-10-002396","489c25f4-a9c9-4f1b-b65b-236560a7296a","BPD.MATSPEC.MATSPEC","5b308d3d-b771-4f62-b8f7-219df63ca678",NULL,"8b04244e-c548-46aa-808d-281238ccded4","{""uploadedBy"": ""Citizen"", ""uploadedTime"": 1649577221574}","824f170e-6cfe-48f0-a164-979643eacf26","824f170e-6cfe-48f0-a164-979643eacf26",1649575510350,1654090131942
"BP-BDA-2022-04-10-002396","26b53f3e-f50e-46b3-817b-befdf2228c08","BPD.SITEPHOTO.SITEPHOTO","0eea4a25-77c6-4ef3-9f21-6d5e4cda87a7",NULL,"8b04244e-c548-46aa-808d-281238ccded4","{""uploadedBy"": ""Citizen"", ""uploadedTime"": 1649577504230}","824f170e-6cfe-48f0-a164-979643eacf26","824f170e-6cfe-48f0-a164-979643eacf26",1649575510350,1654090131942
"BP-BDA-2022-04-10-002396","b2915fbb-e9be-485d-860a-43914cc053fa","BPD.SP.SP","c83d7b43-6523-4f6d-bf94-c2a6b482def6",NULL,"8b04244e-c548-46aa-808d-281238ccded4","{""uploadedBy"": ""Citizen"", ""uploadedTime"": 1649577205430}","824f170e-6cfe-48f0-a164-979643eacf26","824f170e-6cfe-48f0-a164-979643eacf26",1649575510350,1654090131942
"BP-BDA-2022-04-10-002396","741cfa48-7cfd-4f50-9d02-761e5588fb9b","BPD.SSTABCERT.SSTABCERT","ba9a6fa5-9062-4058-9fa9-bdec651015df",NULL,"8b04244e-c548-46aa-808d-281238ccded4","{""uploadedBy"": ""Citizen"", ""uploadedTime"": 1649577242327}","824f170e-6cfe-48f0-a164-979643eacf26","824f170e-6cfe-48f0-a164-979643eacf26",1649575510350,1654090131942
"BP-BDA-2022-04-10-002396","4ac8efe2-bffd-43b9-9598-ac527c3f5e72","BPD.SSUPCERT.SSUPCERT","931450cf-0cc5-4da6-80d5-ac0f12cfb993",NULL,"8b04244e-c548-46aa-808d-281238ccded4","{""uploadedBy"": ""Citizen"", ""uploadedTime"": 1649577230686}","824f170e-6cfe-48f0-a164-979643eacf26","824f170e-6cfe-48f0-a164-979643eacf26",1649575510350,1654090131942
"BP-BDA-2022-04-10-002396","650bd258-5fbc-4af9-a32a-62bc69e9c28d","NOC.NOCDEPUTYFORESTOFFICER.NOC","2a083e71-8103-460d-b505-e466b5e7e387",NULL,"8b04244e-c548-46aa-808d-281238ccded4","{""uploadedBy"": ""Citizen"", ""uploadedTime"": 1653015313885}","824f170e-6cfe-48f0-a164-979643eacf26","824f170e-6cfe-48f0-a164-979643eacf26",1649575510350,1654090131942
"BP-BDA-2022-04-10-002396","65365a2e-6fe1-45cc-a17c-0a0c42a73be5","NOC.NOCDEPUTYFORESTOFFICER.NOC","2a083e71-8103-460d-b505-e466b5e7e387",NULL,"8b04244e-c548-46aa-808d-281238ccded4","{""uploadedBy"": ""Citizen"", ""uploadedTime"": 1653015313885}","824f170e-6cfe-48f0-a164-979643eacf26","824f170e-6cfe-48f0-a164-979643eacf26",1649575510350,1654090131942
"BP-BMC-2022-03-16-001769","37e17f5d-6aa5-415c-8b89-58cefa9c0294","APPL.IDENTITYPROOF.DRIVINGLICENSE","452016d4-be2f-4f86-87d9-f0dd8f49d87f",NULL,"ee265e45-7133-4da9-8c94-a828b0b4b60e","{""uploadedBy"": ""Citizen"", ""uploadedTime"": 1647432158969}","3718b5c8-795e-40c5-ac1e-1fc9acdd277f","3718b5c8-795e-40c5-ac1e-1fc9acdd277f",1647429584315,1657260411669
"BP-BMC-2022-03-16-001769","7d71b827-1248-44c3-99f4-720f2932652a","APPL.REVSITEPLAN.REVSITEPLAN","27ae6f92-2957-4acc-b5dc-3dfd6b302380",NULL,"ee265e45-7133-4da9-8c94-a828b0b4b60e","{""uploadedBy"": ""Citizen"", ""uploadedTime"": 1647431971787}","3718b5c8-795e-40c5-ac1e-1fc9acdd277f","3718b5c8-795e-40c5-ac1e-1fc9acdd277f",1647429584315,1657260411669
"BP-BMC-2022-03-16-001769","1d636d52-e0f9-42d0-8233-454b94a36bd4","APPL.ROR.ROR","31c12a01-1c5b-4b64-a159-1cf20c6fe483",NULL,"ee265e45-7133-4da9-8c94-a828b0b4b60e","{""uploadedBy"": ""Citizen"", ""uploadedTime"": 1647430680460}","3718b5c8-795e-40c5-ac1e-1fc9acdd277f","3718b5c8-795e-40c5-ac1e-1fc9acdd277f",1647429584315,1657260411669
"BP-BMC-2022-03-16-001769","1c72b64d-780e-4822-8c0f-c086759f15ee","APPL.SALEGIFTDEED.SALEGIFTDEED","ba35e28b-f62b-4e20-a134-923e6d030ee2",NULL,"ee265e45-7133-4da9-8c94-a828b0b4b60e","{""uploadedBy"": ""Citizen"", ""uploadedTime"": 1647431670487}","3718b5c8-795e-40c5-ac1e-1fc9acdd277f","3718b5c8-795e-40c5-ac1e-1fc9acdd277f",1647429584315,1657260411669
"BP-BMC-2022-03-16-001769","8c8d17c6-be9a-4592-ac7a-2ed3e3d469a5","BPD.BPL.BPL","1ca40975-0c25-4064-9849-3efd5d1a32e5",NULL,"ee265e45-7133-4da9-8c94-a828b0b4b60e","{""uploadedBy"": ""Citizen"", ""uploadedTime"": 1657091171774}","3718b5c8-795e-40c5-ac1e-1fc9acdd277f","3718b5c8-795e-40c5-ac1e-1fc9acdd277f",1647429584315,1657260411669
"BP-BMC-2022-03-16-001769","0318170d-a2b3-4e45-9cdb-e4106efbae26","BPD.BPL.BPL","1ca40975-0c25-4064-9849-3efd5d1a32e5",NULL,"ee265e45-7133-4da9-8c94-a828b0b4b60e","{""uploadedBy"": ""Citizen"", ""uploadedTime"": 1657091171774}","3718b5c8-795e-40c5-ac1e-1fc9acdd277f","3718b5c8-795e-40c5-ac1e-1fc9acdd277f",1647429584315,1657260411669
"BP-BMC-2022-03-16-001769","7773749a-e7f6-4856-84e3-0096df2b8b90","BPD.BPL.BPL","1ca40975-0c25-4064-9849-3efd5d1a32e5",NULL,"ee265e45-7133-4da9-8c94-a828b0b4b60e","{""uploadedBy"": ""Citizen"", ""uploadedTime"": 1657091171774}","3718b5c8-795e-40c5-ac1e-1fc9acdd277f","3718b5c8-795e-40c5-ac1e-1fc9acdd277f",1647429584315,1657260411669
"BP-BMC-2022-03-16-001769","54b2038e-1d1f-44cf-a4e2-5c0d0d0310b6","BPD.BPL.BPL","1ca40975-0c25-4064-9849-3efd5d1a32e5",NULL,"ee265e45-7133-4da9-8c94-a828b0b4b60e","{""uploadedBy"": ""Citizen"", ""uploadedTime"": 1657091171774}","3718b5c8-795e-40c5-ac1e-1fc9acdd277f","3718b5c8-795e-40c5-ac1e-1fc9acdd277f",1647429584315,1657260411669
"BP-BMC-2022-03-16-001769","910bafeb-9af5-430d-bfaa-249f4a2795e1","BPD.BPL.BPL","e32bb251-a052-4a1a-8afc-f795812f3494",NULL,"ee265e45-7133-4da9-8c94-a828b0b4b60e","{""uploadedBy"": ""Citizen"", ""uploadedTime"": 1651668629116}","3718b5c8-795e-40c5-ac1e-1fc9acdd277f","3718b5c8-795e-40c5-ac1e-1fc9acdd277f",1647429584315,1657260411669
"BP-BMC-2022-03-16-001769","fc694ad7-2aac-4ede-9b78-3ee6c9ed45e6","BPD.BPL.BPL","a66843d7-599f-4c60-bba5-5300d7aee5a2",NULL,"ee265e45-7133-4da9-8c94-a828b0b4b60e","{""uploadedBy"": ""Citizen"", ""uploadedTime"": 1647433501879}","3718b5c8-795e-40c5-ac1e-1fc9acdd277f","3718b5c8-795e-40c5-ac1e-1fc9acdd277f",1647429584315,1657260411669
"BP-CTC-2022-07-07-005891","a593f009-81e0-4705-8a42-aa66bb8a7ef6","APPL.IDENTITYPROOF.DRIVINGLICENSE","7ea99f2c-af02-4e88-a6e3-70ef7ddd430a",NULL,"a6787fa4-4115-4b81-a8d5-966592b91ee7","{""uploadedBy"": ""Citizen"", ""uploadedTime"": 1657203948894}","8cfc0d3f-fe1c-4e29-b551-aa166e33a7ed","8cfc0d3f-fe1c-4e29-b551-aa166e33a7ed",1657203941847,1658332743234
"BP-CTC-2022-07-07-005891","85e3456a-9cd8-4b19-a074-9f4174447143","APPL.LANDPOSSAFFI.LANDPOSSAFFI","70ec56ff-8258-40c3-9c2d-16d211a7e8a0",NULL,"a6787fa4-4115-4b81-a8d5-966592b91ee7","{""uploadedBy"": ""Citizen"", ""uploadedTime"": 1657204098462}","8cfc0d3f-fe1c-4e29-b551-aa166e33a7ed","8cfc0d3f-fe1c-4e29-b551-aa166e33a7ed",1657203941847,1658332743234
"BP-CTC-2022-07-07-005891","46913624-c9d4-4d98-ae95-0cd06c5d88bb","APPL.OTHERDOCUMENT","8d067f43-d99e-419a-871c-34090dd1d265",NULL,"a6787fa4-4115-4b81-a8d5-966592b91ee7","{""uploadedBy"": ""Citizen"", ""uploadedTime"": 1658332701417}","8cfc0d3f-fe1c-4e29-b551-aa166e33a7ed","8cfc0d3f-fe1c-4e29-b551-aa166e33a7ed",1657203941847,1658332747714
"BP-CTC-2022-07-07-005891","b44f5348-12a4-4f30-8065-aca8da6325fc","APPL.OTHERDOCUMENT","6fd848db-61af-4dc9-9417-73ad095bab02",NULL,"a6787fa4-4115-4b81-a8d5-966592b91ee7","{""uploadedBy"": ""Citizen"", ""uploadedTime"": 1657204219307}","8cfc0d3f-fe1c-4e29-b551-aa166e33a7ed","8cfc0d3f-fe1c-4e29-b551-aa166e33a7ed",1657203941847,1658332743234
"BP-CTC-2022-07-07-005891","efa09abb-3d78-4895-8f6d-6d3804ef7259","APPL.OTHERDOCUMENT","8d067f43-d99e-419a-871c-34090dd1d265",NULL,"a6787fa4-4115-4b81-a8d5-966592b91ee7","{""uploadedBy"": ""Citizen"", ""uploadedTime"": 1658332701417}","8cfc0d3f-fe1c-4e29-b551-aa166e33a7ed","8cfc0d3f-fe1c-4e29-b551-aa166e33a7ed",1657203941847,1658332743234
"BP-CTC-2022-07-07-005891","cdb42179-138e-45b9-b1a1-cfe2e3cf49d8","APPL.OWNERIDPROOF.DRIVINGLICENSE","0f574055-59ae-4eac-9678-2b90c2852f2b",NULL,"a6787fa4-4115-4b81-a8d5-966592b91ee7","{""uploadedBy"": ""Citizen"", ""uploadedTime"": 1657203957057}","8cfc0d3f-fe1c-4e29-b551-aa166e33a7ed","8cfc0d3f-fe1c-4e29-b551-aa166e33a7ed",1657203941847,1658332743234
"BP-CTC-2022-07-07-005891","c35f1722-1646-4cb6-a364-d1a46c7c736d","APPL.REVSITEPLAN.REVSITEPLAN","5e1dbbd6-e604-4911-9cea-b03a71b1494b",NULL,"a6787fa4-4115-4b81-a8d5-966592b91ee7","{""uploadedBy"": ""Citizen"", ""uploadedTime"": 1657204088310}","8cfc0d3f-fe1c-4e29-b551-aa166e33a7ed","8cfc0d3f-fe1c-4e29-b551-aa166e33a7ed",1657203941847,1658332743234
"BP-CTC-2022-07-07-005891","1e7702a9-9c4c-4d2d-947f-f904eda634cf","APPL.ROR.ROR","fe052f6e-3bbe-4ead-9498-16ac3ed6c2d5",NULL,"a6787fa4-4115-4b81-a8d5-966592b91ee7","{""uploadedBy"": ""Citizen"", ""uploadedTime"": 1657203963905}","8cfc0d3f-fe1c-4e29-b551-aa166e33a7ed","8cfc0d3f-fe1c-4e29-b551-aa166e33a7ed",1657203941847,1658332743234
"BP-CTC-2022-07-07-005891","3ff3cec6-aee4-4681-84c9-637c9d71e505","APPL.SALEGIFTDEED.SALEGIFTDEED","2b363054-784c-48d6-956d-5e1f0d43a20f",NULL,"a6787fa4-4115-4b81-a8d5-966592b91ee7","{""uploadedBy"": ""Citizen"", ""uploadedTime"": 1657204039615}","8cfc0d3f-fe1c-4e29-b551-aa166e33a7ed","8cfc0d3f-fe1c-4e29-b551-aa166e33a7ed",1657203941847,1658332743234
"BP-CTC-2022-07-07-005891","9a3f3f4a-7453-41e7-9d5b-95d2420fd574","BPD.BPL.BPL","d35ae090-c45e-448d-a0e0-25e7b1b6c950",NULL,"a6787fa4-4115-4b81-a8d5-966592b91ee7","{""uploadedBy"": ""Citizen"", ""uploadedTime"": 1657204107395}","8cfc0d3f-fe1c-4e29-b551-aa166e33a7ed","8cfc0d3f-fe1c-4e29-b551-aa166e33a7ed",1657203941847,1658332743234
"BP-CTC-2022-07-07-005891","36a24fca-cf91-4798-9186-53b5cdfc4c93","BPD.SSUPCERT.SSUPCERT","7fa928cd-4bdb-4d0e-9de5-6be6e3ef8ba1",NULL,"a6787fa4-4115-4b81-a8d5-966592b91ee7","{""uploadedBy"": ""Citizen"", ""uploadedTime"": 1657204179142}","8cfc0d3f-fe1c-4e29-b551-aa166e33a7ed","8cfc0d3f-fe1c-4e29-b551-aa166e33a7ed",1657203941847,1658332743234
"BP-CTC-2022-07-22-006465","36a6ce69-c227-4f90-9f2e-d8c9d2933f26","APPL.IDENTITYPROOF.DRIVINGLICENSE","2a9f0a49-4aab-40c9-adcf-3ca7a16c6a74",NULL,"8a3219ea-c5d4-492e-bf9e-b9bbcb9fc0b9","{""uploadedBy"": ""Citizen"", ""uploadedTime"": 1658505112427}","616634c8-43b8-423b-a9cc-9173b68a13f3","616634c8-43b8-423b-a9cc-9173b68a13f3",1658504768366,1659610603201
"BP-CTC-2022-07-22-006465","adbd1484-e3e9-4b3a-a5be-10a8f7abbdd5","APPL.LANDPOSSAFFI.LANDPOSSAFFI","7269c22a-6002-4457-a687-9a41bdf10b4f",NULL,"8a3219ea-c5d4-492e-bf9e-b9bbcb9fc0b9","{""uploadedBy"": ""Citizen"", ""uploadedTime"": 1658737151890}","616634c8-43b8-423b-a9cc-9173b68a13f3","616634c8-43b8-423b-a9cc-9173b68a13f3",1658504768366,1659610603201
"BP-CTC-2022-07-22-006465","05295fb3-7676-493b-9fc5-2da1352488d9","APPL.LANDPOSSAFFI.LANDPOSSAFFI","7269c22a-6002-4457-a687-9a41bdf10b4f",NULL,"8a3219ea-c5d4-492e-bf9e-b9bbcb9fc0b9","{""uploadedBy"": ""Citizen"", ""uploadedTime"": 1658737151890}","616634c8-43b8-423b-a9cc-9173b68a13f3","616634c8-43b8-423b-a9cc-9173b68a13f3",1658504768366,1659610603201
"BP-CTC-2022-07-22-006465","1005c904-69a2-433d-9e66-69113515ed79","APPL.OWNERIDPROOF.PASSPORT","72ddae71-a82d-46d8-958c-3acb28a9bd9a",NULL,"8a3219ea-c5d4-492e-bf9e-b9bbcb9fc0b9","{""uploadedBy"": ""Citizen"", ""uploadedTime"": 1658504847792}","616634c8-43b8-423b-a9cc-9173b68a13f3","616634c8-43b8-423b-a9cc-9173b68a13f3",1658504768366,1659610603201
"BP-CTC-2022-07-22-006465","ee60f91d-e126-4019-bf6b-764d76690f40","APPL.ROR.ROR","44ec8536-a59c-4715-b3e4-f04850294dc2",NULL,"8a3219ea-c5d4-492e-bf9e-b9bbcb9fc0b9","{""uploadedBy"": ""Citizen"", ""uploadedTime"": 1658505122326}","616634c8-43b8-423b-a9cc-9173b68a13f3","616634c8-43b8-423b-a9cc-9173b68a13f3",1658504768366,1659610603201
"BP-CTC-2022-07-22-006465","27548318-5a7c-457c-9f56-852cdcce699c","APPL.SALEGIFTDEED.SALEGIFTDEED","07d13e25-466d-4861-825c-c9c638385424",NULL,"8a3219ea-c5d4-492e-bf9e-b9bbcb9fc0b9","{""uploadedBy"": ""Citizen"", ""uploadedTime"": 1658505284743}","616634c8-43b8-423b-a9cc-9173b68a13f3","616634c8-43b8-423b-a9cc-9173b68a13f3",1658504768366,1659610603201
"BP-CTC-2022-07-22-006465","06bd702d-a6ad-4b63-972b-f8390804b610","APPL.SALEGIFTDEED.SALEGIFTDEED","824a06b6-f385-41eb-b5ee-6435ce425152",NULL,"8a3219ea-c5d4-492e-bf9e-b9bbcb9fc0b9","{""uploadedBy"": ""Citizen"", ""uploadedTime"": 1658505304067}","616634c8-43b8-423b-a9cc-9173b68a13f3","616634c8-43b8-423b-a9cc-9173b68a13f3",1658504768366,1659610603201
"BP-CTC-2022-07-22-006465","270ac3a7-235f-44b4-a730-82f67da09133","BPD.BPL.BPL","c051fecc-154d-4b31-a5f8-954b0ef6f248",NULL,"8a3219ea-c5d4-492e-bf9e-b9bbcb9fc0b9","{""uploadedBy"": ""Citizen"", ""uploadedTime"": 1658736965243}","616634c8-43b8-423b-a9cc-9173b68a13f3","616634c8-43b8-423b-a9cc-9173b68a13f3",1658504768366,1659610603201
"BP-CTC-2022-07-22-006465","f70d7822-da70-456a-8fdc-efa42f182fea","BPD.BPL.BPL","c051fecc-154d-4b31-a5f8-954b0ef6f248",NULL,"8a3219ea-c5d4-492e-bf9e-b9bbcb9fc0b9","{""uploadedBy"": ""Citizen"", ""uploadedTime"": 1658736965243}","616634c8-43b8-423b-a9cc-9173b68a13f3","616634c8-43b8-423b-a9cc-9173b68a13f3",1658504768366,1659610603201
"BP-CTC-2022-07-22-006465","78e55d90-99d8-45ce-ae2b-e4bf67a5101b","BPD.LP.LP","4411c2a1-bdc7-4cc3-8cba-db8d7c2169bf",NULL,"8a3219ea-c5d4-492e-bf9e-b9bbcb9fc0b9","{""uploadedBy"": ""Citizen"", ""uploadedTime"": 1658737098222}","616634c8-43b8-423b-a9cc-9173b68a13f3","616634c8-43b8-423b-a9cc-9173b68a13f3",1658504768366,1659610603201
"BP-CTC-2022-07-22-006465","6563d82a-8c6f-451f-8be7-24bcb32ee4e8","BPD.LP.LP","4411c2a1-bdc7-4cc3-8cba-db8d7c2169bf",NULL,"8a3219ea-c5d4-492e-bf9e-b9bbcb9fc0b9","{""uploadedBy"": ""Citizen"", ""uploadedTime"": 1658737098222}","616634c8-43b8-423b-a9cc-9173b68a13f3","616634c8-43b8-423b-a9cc-9173b68a13f3",1658504768366,1659610603201
"BP-CTC-2022-07-22-006465","926aec59-c65f-4471-8e43-773c26be5284","BPD.SP.SP","47020679-b6c3-4d2d-9acf-4293f3328332",NULL,"8a3219ea-c5d4-492e-bf9e-b9bbcb9fc0b9","{""uploadedBy"": ""Citizen"", ""uploadedTime"": 1658737183261}","616634c8-43b8-423b-a9cc-9173b68a13f3","616634c8-43b8-423b-a9cc-9173b68a13f3",1658504768366,1659610603201
"BP-CTC-2022-07-22-006465","52d5fb9b-b0d8-49aa-9af9-16424fedfe13","BPD.SP.SP","47020679-b6c3-4d2d-9acf-4293f3328332",NULL,"8a3219ea-c5d4-492e-bf9e-b9bbcb9fc0b9","{""uploadedBy"": ""Citizen"", ""uploadedTime"": 1658737183261}","616634c8-43b8-423b-a9cc-9173b68a13f3","616634c8-43b8-423b-a9cc-9173b68a13f3",1658504768366,1659610603201
