"id","applicationno","tenantid","edcrnumber","status","landid","additionaldetails","createdby","lastmodifiedby","createdtime","lastmodifiedtime","approvalno","approvaldate","applicationdate","businessservice","accountid","reworkhistory","isrevisionapplication"
"4ac94127-094b-427c-8d21-c7af1ff598e1","BP-BDA-2022-07-11-006007","od.bhubaneswardevelopmentauthority","DCR72022JIX0H","APPROVAL_INPROGRESS","ad652bef-ab00-4a8b-a373-357b68f5f561","{""fieldinspection_pending"": [{""date"": ""2022-07-19"", ""docs"": [{""fileName"": ""60078.pdf"", ""fileStore"": ""6d1279cb-5757-4b15-816a-f79b9d199fde"", ""fileStoreId"": ""6d1279cb-5757-4b15-816a-f79b9d199fde"", ""isClickable"": true, ""documentType"": ""FI.FIR.FIR"", ""dropDownValues"": {""value"": ""FI.FIR.FIR""}, ""additionalDetails"": {""uploadedBy"": ""BPA Field Inspector"", ""uploadedTime"": 1658208514759}}, {""fileName"": ""60078.pdf"", ""fileStore"": ""b9d225f8-bac8-405c-a8d5-0c77a6014489"", ""fileStoreId"": ""b9d225f8-bac8-405c-a8d5-0c77a6014489"", ""isClickable"": true, ""documentType"": ""FI.SINS.SINS"", ""dropDownValues"": {""value"": ""FI.SINS.SINS""}, ""additionalDetails"": {""uploadedBy"": ""BPA Field Inspector"", ""uploadedTime"": 1658208526742}}, {""fileName"": ""60078.pdf"", ""fileStore"": ""127315d9-ad9c-47d8-aca1-9d9812e4a61d"", ""fileStoreId"": ""127315d9-ad9c-47d8-aca1-9d9812e4a61d"", ""isClickable"": true, ""documentType"": ""FI.SISS.SISS"", ""dropDownValues"": {""value"": ""FI.SISS.SISS""}, ""additionalDetails"": {""uploadedBy"": ""BPA Field Inspector"", ""uploadedTime"": 1658208537467}}, {""fileName"": ""60078.pdf"", ""fileStore"": ""0149ca82-f992-4e1a-bd37-22429c52ff67"", ""fileStoreId"": ""0149ca82-f992-4e1a-bd37-22429c52ff67"", ""isClickable"": true, ""documentType"": ""FI.SIES.SIES"", ""dropDownValues"": {""value"": ""FI.SIES.SIES""}, ""additionalDetails"": {""uploadedBy"": ""BPA Field Inspector"", ""uploadedTime"": 1658208545998}}, {""fileName"": ""60078.pdf"", ""fileStore"": ""7c4ade7e-57a7-4631-b7a9-f370af8895b4"", ""fileStoreId"": ""7c4ade7e-57a7-4631-b7a9-f370af8895b4"", ""isClickable"": true, ""documentType"": ""FI.SIWS.SIWS"", ""dropDownValues"": {""value"": ""FI.SIWS.SIWS""}, ""additionalDetails"": {""uploadedBy"": ""BPA Field Inspector"", ""uploadedTime"": 1658208552414}}], ""time"": ""11:00"", ""questions"": [{""value"": ""NA"", ""question"": ""PLAN_AS_PER_THE_SITE""}]}]}","5438c653-0daf-4a92-b272-d4991734a9c7","5438c653-0daf-4a92-b272-d4991734a9c7",1657553896567,1658208670775,NULL,0,1657960235453,"BPA1","5438c653-0daf-4a92-b272-d4991734a9c7","null",NULL
"3d732d6b-b667-4031-90b3-62f000bf40eb","BP-BDA-2022-03-08-001494","od.bhubaneswardevelopmentauthority","DCR72022JBRLV","APPROVAL_INPROGRESS","a70924f4-699e-4b4a-b08e-0770edd2f2e2","{""remarks"": ""PRE APPROVED"", ""serviceType"": ""NEW_CONSTRUCTION"", ""applicationType"": ""BUILDING_PLAN_SCRUTINY"", ""fieldinspection_pending"": [{""date"": ""2022-03-14"", ""docs"": [{""fileName"": ""SI report and checklist.pdf"", ""fileStore"": ""3c2b91ed-a8e2-463b-89ef-71ed58f07dc1"", ""fileStoreId"": ""3c2b91ed-a8e2-463b-89ef-71ed58f07dc1"", ""isClickable"": true, ""documentType"": ""FI.FIR.FIR"", ""dropDownValues"": {""value"": ""FI.FIR.FIR""}, ""additionalDetails"": {""uploadedBy"": ""BPA Field Inspector"", ""uploadedTime"": 1647311926209}}, {""fileName"": ""site1.jpg"", ""fileStore"": ""20bed2b1-388b-47b8-b1d3-242db0154d78"", ""fileStoreId"": ""20bed2b1-388b-47b8-b1d3-242db0154d78"", ""isClickable"": true, ""documentType"": ""FI.SINS.SINS"", ""dropDownValues"": {""value"": ""FI.SINS.SINS""}, ""additionalDetails"": {""uploadedBy"": ""BPA Field Inspector"", ""uploadedTime"": 1647311940002}}, {""fileName"": ""site2.jpg"", ""fileStore"": ""76cd2f5c-1ccc-44c9-b77d-9cec12c82fc2"", ""fileStoreId"": ""76cd2f5c-1ccc-44c9-b77d-9cec12c82fc2"", ""isClickable"": true, ""documentType"": ""FI.SISS.SISS"", ""dropDownValues"": {""value"": ""FI.SISS.SISS""}, ""additionalDetails"": {""uploadedBy"": ""BPA Field Inspector"", ""uploadedTime"": 1647311952810}}, {""fileName"": ""site3.jpg"", ""fileStore"": ""357c72e1-9ba0-419f-b03c-9e54fcfc3212"", ""fileStoreId"": ""357c72e1-9ba0-419f-b03c-9e54fcfc3212"", ""isClickable"": true, ""documentType"": ""FI.SIES.SIES"", ""dropDownValues"": {""value"": ""FI.SIES.SIES""}, ""additionalDetails"": {""uploadedBy"": ""BPA Field Inspector"", ""uploadedTime"": 1647311964325}}, {""fileName"": ""road.jpg"", ""fileStore"": ""e7b65094-f3bf-4f4b-80cf-c02b4001a0fc"", ""fileStoreId"": ""e7b65094-f3bf-4f4b-80cf-c02b4001a0fc"", ""isClickable"": true, ""documentType"": ""FI.SIWS.SIWS"", ""dropDownValues"": {""value"": ""FI.SIWS.SIWS""}, ""additionalDetails"": {""uploadedBy"": ""BPA Field Inspector"", ""uploadedTime"": 1647311979996}}], ""time"": ""12:50"", ""questions"": [{""value"": ""YES"", ""question"": ""PLAN_AS_PER_THE_SITE""}]}]}","ad4e35bc-b75b-4e9e-b135-9410570ad273","ad4e35bc-b75b-4e9e-b135-9410570ad273",1646739591812,1658329724968,NULL,0,1646749895075,"BPA1","ad4e35bc-b75b-4e9e-b135-9410570ad273","{""edcrHistory"": [{""edcrnumber"": ""DCR72022J1AJJ"", ""createdtime"": 1658294798014}, {""edcrnumber"": ""DCR72022DWSAA"", ""createdtime"": 1657256137764}, {""edcrnumber"": ""DCR32022CPVJO"", ""createdtime"": 1656614239697}]}",NULL
"b6a5ccb0-f956-445a-9992-57ad40d99dc4","BP-BED-2022-04-05-002269","od.berhampurdevelopmentauthority","DCR420225T30B","APPROVAL_INPROGRESS","fc316019-7776-4e3a-8cc3-5fb7582051fe","{""fieldinspection_pending"": [{""date"": ""2022-04-08"", ""docs"": [{""fileName"": ""BP-BED-2022-04-05-002269.pdf"", ""fileStore"": ""d3ff92e9-3772-4f36-aac0-7c0853656fde"", ""fileStoreId"": ""d3ff92e9-3772-4f36-aac0-7c0853656fde"", ""isClickable"": true, ""documentType"": ""FI.FIR.FIR"", ""dropDownValues"": {""value"": ""FI.FIR.FIR""}, ""additionalDetails"": {""uploadedBy"": ""BPA Field Inspector"", ""uploadedTime"": 1649413126763}}, {""fileName"": ""BP-BED-2022-04-05-002269.pdf"", ""fileStore"": ""10e9177e-0e9b-4679-8d1b-61ebc3e666da"", ""fileStoreId"": ""10e9177e-0e9b-4679-8d1b-61ebc3e666da"", ""isClickable"": true, ""documentType"": ""FI.SINS.SINS"", ""dropDownValues"": {""value"": ""FI.SINS.SINS""}, ""additionalDetails"": {""uploadedBy"": ""BPA Field Inspector"", ""uploadedTime"": 1649413229356}}, {""fileName"": ""BP-BED-2022-04-05-002269.pdf"", ""fileStore"": ""1623b7e9-780c-44ea-8609-942117bfb3f3"", ""fileStoreId"": ""1623b7e9-780c-44ea-8609-942117bfb3f3"", ""isClickable"": true, ""documentType"": ""FI.SISS.SISS"", ""dropDownValues"": {""value"": ""FI.SISS.SISS""}, ""additionalDetails"": {""uploadedBy"": ""BPA Field Inspector"", ""uploadedTime"": 1649413248173}}, {""fileName"": ""BP-BED-2022-04-05-002269.pdf"", ""fileStore"": ""cba92411-d28b-4bc8-93d9-01b1e87e3887"", ""fileStoreId"": ""cba92411-d28b-4bc8-93d9-01b1e87e3887"", ""isClickable"": true, ""documentType"": ""FI.SIES.SIES"", ""dropDownValues"": {""value"": ""FI.SIES.SIES""}, ""additionalDetails"": {""uploadedBy"": ""BPA Field Inspector"", ""uploadedTime"": 1649413272549}}, {""fileName"": ""BP-BED-2022-04-05-002269.pdf"", ""fileStore"": ""28aa2714-6acb-41fe-870a-e79bb32ab26e"", ""fileStoreId"": ""28aa2714-6acb-41fe-870a-e79bb32ab26e"", ""isClickable"": true, ""documentType"": ""FI.SIWS.SIWS"", ""dropDownValues"": {""value"": ""FI.SIWS.SIWS""}, ""additionalDetails"": {""uploadedBy"": ""BPA Field Inspector"", ""uploadedTime"": 1649413292637}}], ""time"": ""12:45"", ""questions"": [{""value"": ""YES"", ""question"": ""PLAN_AS_PER_THE_SITE""}]}]}","c04c57d6-db6b-4304-bf19-789cfc1a3924","c04c57d6-db6b-4304-bf19-789cfc1a3924",1649176830924,1651309982351,NULL,0,1649179444265,"BPA2","c04c57d6-db6b-4304-bf19-789cfc1a3924",NULL,NULL
"3c5848a1-f1d8-4e88-a35f-ef6f6022d4e6","BP-BAM-2022-07-18-006252","od.berhampur","DCR720228D7Q9","APPROVAL_INPROGRESS","83f94f26-4d2a-4542-a8c7-d2a393148c6a","{""fieldinspection_pending"": [{""date"": ""2022-07-26"", ""docs"": [{""fileName"": ""IMG_0003.jpg"", ""fileStore"": ""a9348a02-add5-4e78-a477-f957c50b6697"", ""fileStoreId"": ""a9348a02-add5-4e78-a477-f957c50b6697"", ""isClickable"": true, ""documentType"": ""FI.FIR.FIR"", ""dropDownValues"": {""value"": ""FI.FIR.FIR""}, ""additionalDetails"": {""uploadedBy"": ""BPA Field Inspector"", ""uploadedTime"": 1658898987906}}, {""fileName"": ""IMG_0001.jpg"", ""fileStore"": ""c96ec50f-0641-47bb-b69a-ec35eb88911b"", ""fileStoreId"": ""c96ec50f-0641-47bb-b69a-ec35eb88911b"", ""isClickable"": true, ""documentType"": ""FI.FIR.FIR"", ""dropDownValues"": {""value"": ""FI.SINS.SINS""}, ""additionalDetails"": {""uploadedBy"": ""BPA Field Inspector"", ""uploadedTime"": 1658898988409}}, {""fileName"": ""IMG_0002.jpg"", ""fileStore"": ""7797ef6e-5dc7-4976-adbb-3f3d37ae631f"", ""fileStoreId"": ""7797ef6e-5dc7-4976-adbb-3f3d37ae631f"", ""isClickable"": true, ""documentType"": ""FI.FIR.FIR"", ""dropDownValues"": {""value"": ""FI.SISS.SISS""}, ""additionalDetails"": {""uploadedBy"": ""BPA Field Inspector"", ""uploadedTime"": 1658898990778}}, {""fileName"": ""WhatsApp Image 2022-07-26 at 7.04.40 PM (1).jpeg"", ""fileStore"": ""3e6e4456-ebf5-4f6d-86e6-a3963b456b4b"", ""fileStoreId"": ""3e6e4456-ebf5-4f6d-86e6-a3963b456b4b"", ""isClickable"": true, ""documentType"": ""FI.SINS.SINS"", ""dropDownValues"": {""value"": ""FI.SIES.SIES""}, ""additionalDetails"": {""uploadedBy"": ""BPA Field Inspector"", ""uploadedTime"": 1658899054639}}, {""fileName"": ""WhatsApp Image 2022-07-26 at 7.04.40 PM.jpeg"", ""fileStore"": ""455a16d5-d9a4-4ebf-bd61-ce9bd9f9ceba"", ""fileStoreId"": ""455a16d5-d9a4-4ebf-bd61-ce9bd9f9ceba"", ""isClickable"": true, ""documentType"": ""FI.SISS.SISS"", ""dropDownValues"": {""value"": ""FI.SIWS.SIWS""}, ""additionalDetails"": {""uploadedBy"": ""BPA Field Inspector"", ""uploadedTime"": 1658899057918}}, {""fileName"": ""WhatsApp Image 2022-07-26 at 7.04.41 PM (1).jpeg"", ""fileStore"": ""782570c7-d87a-4d7a-ad39-dca307a803cd"", ""fileStoreId"": ""782570c7-d87a-4d7a-ad39-dca307a803cd"", ""isClickable"": true, ""documentType"": ""FI.SIES.SIES"", ""additionalDetails"": {""uploadedBy"": ""BPA Field Inspector"", ""uploadedTime"": 1658899061762}}, {""fileName"": ""WhatsApp Image 2022-07-26 at 7.04.41 PM.jpeg"", ""fileStore"": ""f7235602-72fe-4286-bbb1-e77ee6462e50"", ""fileStoreId"": ""f7235602-72fe-4286-bbb1-e77ee6462e50"", ""isClickable"": true, ""documentType"": ""FI.SIWS.SIWS"", ""additionalDetails"": {""uploadedBy"": ""BPA Field Inspector"", ""uploadedTime"": 1658899064637}}], ""time"": ""10:05"", ""questions"": [{""value"": ""YES"", ""question"": ""PLAN_AS_PER_THE_SITE""}]}]}","ae7f16b9-0b5f-47be-a684-d9c2ce512103","ae7f16b9-0b5f-47be-a684-d9c2ce512103",1658149321937,1658899095729,NULL,0,1658149985800,"BPA1","ae7f16b9-0b5f-47be-a684-d9c2ce512103","null",NULL
"dceef657-11df-42cf-9092-82010f0d155b","BP-BMC-2022-07-27-006641","od.bhubaneswar","DCR72022RPYRD","CITIZEN_APPROVAL_INPROCESS","9f2f2560-7577-452e-89b6-eb68c623326d","null","82952b85-b38a-4e17-8c1d-ce3e2b9a5cf2","82952b85-b38a-4e17-8c1d-ce3e2b9a5cf2",1658940403510,1658941767462,NULL,NULL,NULL,"BPA2","82952b85-b38a-4e17-8c1d-ce3e2b9a5cf2","null",NULL
"a8b1103b-719a-4529-9ebe-370c2a8d6990","BP-CTC-2022-07-28-006662","od.cuttack","DCR72022SLFMB","CITIZEN_APPROVAL_INPROCESS","8069797a-9270-4b91-bc56-4ff161dd110b","null","616634c8-43b8-423b-a9cc-9173b68a13f3","616634c8-43b8-423b-a9cc-9173b68a13f3",1658992439366,1658992506904,NULL,NULL,NULL,"BPA1","616634c8-43b8-423b-a9cc-9173b68a13f3","null",NULL
"5e73af78-5628-4300-8b9c-4eeb94ffce06","BP-BAM-2022-07-09-005958","od.berhampur","DCR72022V4PDE","APPROVAL_INPROGRESS","3dfa255c-6ac5-4ac3-a186-fb67a91d3f74","{""fieldinspection_pending"": [{""date"": ""2022-07-19"", ""docs"": [{""fileName"": ""IMG_0001.jpg"", ""fileStore"": ""3becf09b-f83e-4f41-b1c6-d3d2b4740c41"", ""fileStoreId"": ""3becf09b-f83e-4f41-b1c6-d3d2b4740c41"", ""isClickable"": true, ""documentType"": ""FI.FIR.FIR"", ""dropDownValues"": {""value"": ""FI.FIR.FIR""}, ""additionalDetails"": {""uploadedBy"": ""BPA Field Inspector"", ""uploadedTime"": 1658238656211}}, {""fileName"": ""IMG_0003.jpg"", ""fileStore"": ""fd21322c-2bc4-44ee-9b9e-ea63d1b75cd1"", ""fileStoreId"": ""fd21322c-2bc4-44ee-9b9e-ea63d1b75cd1"", ""isClickable"": true, ""documentType"": ""FI.FIR.FIR"", ""dropDownValues"": {""value"": ""FI.SINS.SINS""}, ""additionalDetails"": {""uploadedBy"": ""BPA Field Inspector"", ""uploadedTime"": 1658238656673}}, {""fileName"": ""IMG_0002.jpg"", ""fileStore"": ""a3fc9965-8ab2-43d1-b06d-631d8e8169af"", ""fileStoreId"": ""a3fc9965-8ab2-43d1-b06d-631d8e8169af"", ""isClickable"": true, ""documentType"": ""FI.FIR.FIR"", ""dropDownValues"": {""value"": ""FI.SISS.SISS""}, ""additionalDetails"": {""uploadedBy"": ""BPA Field Inspector"", ""uploadedTime"": 1658238656735}}, {""fileName"": ""1657375915229North.jpeg"", ""fileStore"": ""a38ba68a-9f63-4a9a-9a92-d73355e5c8b4"", ""fileStoreId"": ""a38ba68a-9f63-4a9a-9a92-d73355e5c8b4"", ""isClickable"": true, ""documentType"": ""FI.SINS.SINS"", ""dropDownValues"": {""value"": ""FI.SIES.SIES""}, ""additionalDetails"": {""uploadedBy"": ""BPA Field Inspector"", ""uploadedTime"": 1658238662095}}, {""fileName"": ""1657375915173South.jpeg"", ""fileStore"": ""c8ad7787-b64e-4682-b31c-6d865d11918f"", ""fileStoreId"": ""c8ad7787-b64e-4682-b31c-6d865d11918f"", ""isClickable"": true, ""documentType"": ""FI.SISS.SISS"", ""dropDownValues"": {""value"": ""FI.SIWS.SIWS""}, ""additionalDetails"": {""uploadedBy"": ""BPA Field Inspector"", ""uploadedTime"": 1658238667707}}, {""fileName"": ""1657375915229East.jpeg"", ""fileStore"": ""176ff993-58aa-43d4-b3d0-f7f838fea370"", ""fileStoreId"": ""176ff993-58aa-43d4-b3d0-f7f838fea370"", ""isClickable"": true, ""documentType"": ""FI.SIES.SIES"", ""additionalDetails"": {""uploadedBy"": ""BPA Field Inspector"", ""uploadedTime"": 1658238671969}}, {""fileName"": ""1657375915258West.jpeg"", ""fileStore"": ""3e541f73-6a66-4f33-92b4-1a9987f140d8"", ""fileStoreId"": ""3e541f73-6a66-4f33-92b4-1a9987f140d8"", ""isClickable"": true, ""documentType"": ""FI.SIWS.SIWS"", ""additionalDetails"": {""uploadedBy"": ""BPA Field Inspector"", ""uploadedTime"": 1658238675191}}], ""time"": ""13:05"", ""questions"": [{""value"": ""YES"", ""question"": ""PLAN_AS_PER_THE_SITE""}]}]}","f1a434a0-8a91-4e6f-95f1-699260b1a554","f1a434a0-8a91-4e6f-95f1-699260b1a554",1657375584185,1659009162292,NULL,0,1657518954880,"BPA1","f1a434a0-8a91-4e6f-95f1-699260b1a554","{""edcrHistory"": [{""edcrnumber"": ""DCR72022MKYJ1"", ""createdtime"": 1659009163589}]}",NULL
"27bd6149-4975-4469-97c6-153ab0cd1a39","BP-BDA-2022-07-25-006538","od.bhubaneswardevelopmentauthority","DCR720225S7WJ","CITIZEN_APPROVAL_INPROCESS","5746e92e-b16c-450e-924f-5598959d9638","null","5a107bdc-9c90-41cd-96af-4919360c7eaf","5a107bdc-9c90-41cd-96af-4919360c7eaf",1658755096615,1658756028729,NULL,NULL,NULL,"BPA1","5a107bdc-9c90-41cd-96af-4919360c7eaf","null",NULL
"42d7adfe-b61a-46db-a8d1-6dbb7805a9a7","BP-BAM-2022-06-13-004654","od.berhampur","DCR62022K78P9","APPROVAL_INPROGRESS","d266037a-ab0c-48e3-8535-0db87e21638f","{""fieldinspection_pending"": [{""date"": ""2022-06-28"", ""docs"": [{""fileName"": ""IMG_0003.jpg"", ""fileStore"": ""ab379cea-28eb-475a-b281-cbf093cb4190"", ""fileStoreId"": ""ab379cea-28eb-475a-b281-cbf093cb4190"", ""isClickable"": true, ""documentType"": ""FI.FIR.FIR"", ""dropDownValues"": {""value"": ""FI.FIR.FIR""}, ""additionalDetails"": {""uploadedBy"": ""BPA Field Inspector"", ""uploadedTime"": 1656480619326}}, {""fileName"": ""IMG_0002.jpg"", ""fileStore"": ""ff82cce2-1452-42f1-accc-af40e1c860c3"", ""fileStoreId"": ""ff82cce2-1452-42f1-accc-af40e1c860c3"", ""isClickable"": true, ""documentType"": ""FI.FIR.FIR"", ""dropDownValues"": {""value"": ""FI.SINS.SINS""}, ""additionalDetails"": {""uploadedBy"": ""BPA Field Inspector"", ""uploadedTime"": 1656480619379}}, {""fileName"": ""IMG_0001.jpg"", ""fileStore"": ""dd71b0e8-167b-46df-b328-cb2a77ad1f4b"", ""fileStoreId"": ""dd71b0e8-167b-46df-b328-cb2a77ad1f4b"", ""isClickable"": true, ""documentType"": ""FI.FIR.FIR"", ""dropDownValues"": {""value"": ""FI.SISS.SISS""}, ""additionalDetails"": {""uploadedBy"": ""BPA Field Inspector"", ""uploadedTime"": 1656480620823}}, {""fileName"": ""north.jpeg"", ""fileStore"": ""c26ea64f-8e44-4c20-8d7e-09bd058165c3"", ""fileStoreId"": ""c26ea64f-8e44-4c20-8d7e-09bd058165c3"", ""isClickable"": true, ""documentType"": ""FI.SINS.SINS"", ""dropDownValues"": {""value"": ""FI.SIES.SIES""}, ""additionalDetails"": {""uploadedBy"": ""BPA Field Inspector"", ""uploadedTime"": 1656480592359}}, {""fileName"": ""south.jpeg"", ""fileStore"": ""7279a950-a5d6-48dc-a0d8-4d51433d98f4"", ""fileStoreId"": ""7279a950-a5d6-48dc-a0d8-4d51433d98f4"", ""isClickable"": true, ""documentType"": ""FI.SISS.SISS"", ""dropDownValues"": {""value"": ""FI.SIWS.SIWS""}, ""additionalDetails"": {""uploadedBy"": ""BPA Field Inspector"", ""uploadedTime"": 1656480605582}}, {""fileName"": ""east.jpeg"", ""fileStore"": ""4a717a22-a493-43d1-8c23-26006198e6ce"", ""fileStoreId"": ""4a717a22-a493-43d1-8c23-26006198e6ce"", ""isClickable"": true, ""documentType"": ""FI.SIES.SIES"", ""additionalDetails"": {""uploadedBy"": ""BPA Field Inspector"", ""uploadedTime"": 1656480609809}}, {""fileName"": ""west.jpeg"", ""fileStore"": ""fbedcb32-8769-4703-9f52-db18972a8cf5"", ""fileStoreId"": ""fbedcb32-8769-4703-9f52-db18972a8cf5"", ""isClickable"": true, ""documentType"": ""FI.SIWS.SIWS"", ""additionalDetails"": {""uploadedBy"": ""BPA Field Inspector"", ""uploadedTime"": 1656480612904}}], ""time"": ""11:24"", ""questions"": [{""value"": ""YES"", ""question"": ""PLAN_AS_PER_THE_SITE""}]}]}","9c00d59a-d3ef-4671-9885-24d549d99639","9c00d59a-d3ef-4671-9885-24d549d99639",1655064722527,1657681104061,NULL,0,1655109214201,"BPA1","9c00d59a-d3ef-4671-9885-24d549d99639","null",NULL
"3412845b-d7b6-49aa-b369-5ed897c0b091","BP-BAM-2022-07-02-005637","od.berhampur","DCR72022GYZKG","APPROVAL_INPROGRESS","a7e6ec00-20d5-40ad-ab1a-c5356aefdd9a","{""fieldinspection_pending"": [{""date"": ""2022-07-14"", ""docs"": [{""fileName"": ""IMG_0001.jpg"", ""fileStore"": ""8c7ff982-8aef-4910-afea-ba9b90499484"", ""fileStoreId"": ""8c7ff982-8aef-4910-afea-ba9b90499484"", ""isClickable"": true, ""documentType"": ""FI.FIR.FIR"", ""dropDownValues"": {""value"": ""FI.FIR.FIR""}, ""additionalDetails"": {""uploadedBy"": ""BPA Field Inspector"", ""uploadedTime"": 1657802351396}}, {""fileName"": ""IMG_0003.jpg"", ""fileStore"": ""8d80d93c-5276-4005-adf2-4bb7123d4d62"", ""fileStoreId"": ""8d80d93c-5276-4005-adf2-4bb7123d4d62"", ""isClickable"": true, ""documentType"": ""FI.FIR.FIR"", ""dropDownValues"": {""value"": ""FI.SINS.SINS""}, ""additionalDetails"": {""uploadedBy"": ""BPA Field Inspector"", ""uploadedTime"": 1657802351527}}, {""fileName"": ""IMG_0002.jpg"", ""fileStore"": ""7c22954c-bff6-4be2-a510-0e5352cecca0"", ""fileStoreId"": ""7c22954c-bff6-4be2-a510-0e5352cecca0"", ""isClickable"": true, ""documentType"": ""FI.FIR.FIR"", ""dropDownValues"": {""value"": ""FI.SISS.SISS""}, ""additionalDetails"": {""uploadedBy"": ""BPA Field Inspector"", ""uploadedTime"": 1657802351725}}, {""fileName"": ""WhatsApp Image 2022-07-14 at 6.06.58 PM.jpeg"", ""fileStore"": ""b694147f-1089-44a8-8c57-ffcb97900c84"", ""fileStoreId"": ""b694147f-1089-44a8-8c57-ffcb97900c84"", ""isClickable"": true, ""documentType"": ""FI.SINS.SINS"", ""dropDownValues"": {""value"": ""FI.SIES.SIES""}, ""additionalDetails"": {""uploadedBy"": ""BPA Field Inspector"", ""uploadedTime"": 1657802356056}}, {""fileName"": ""WhatsApp Image 2022-07-14 at 6.06.58 PM.jpeg"", ""fileStore"": ""44bcb499-683d-41be-b7f7-11482b3674ae"", ""fileStoreId"": ""44bcb499-683d-41be-b7f7-11482b3674ae"", ""isClickable"": true, ""documentType"": ""FI.SISS.SISS"", ""dropDownValues"": {""value"": ""FI.SIWS.SIWS""}, ""additionalDetails"": {""uploadedBy"": ""BPA Field Inspector"", ""uploadedTime"": 1657802358156}}, {""fileName"": ""WhatsApp Image 2022-07-14 at 6.06.58 PM.jpeg"", ""fileStore"": ""57adff78-be7d-465a-a61e-695c7eecaa50"", ""fileStoreId"": ""57adff78-be7d-465a-a61e-695c7eecaa50"", ""isClickable"": true, ""documentType"": ""FI.SIES.SIES"", ""additionalDetails"": {""uploadedBy"": ""BPA Field Inspector"", ""uploadedTime"": 1657802360955}}, {""fileName"": ""WhatsApp Image 2022-07-14 at 6.06.58 PM.jpeg"", ""fileStore"": ""fb7006e2-d796-4f71-afb0-fdc85a266f0e"", ""fileStoreId"": ""fb7006e2-d796-4f71-afb0-fdc85a266f0e"", ""isClickable"": true, ""documentType"": ""FI.SIWS.SIWS"", ""additionalDetails"": {""uploadedBy"": ""BPA Field Inspector"", ""uploadedTime"": 1657802363968}}], ""time"": ""11:26"", ""questions"": [{""value"": ""YES"", ""question"": ""PLAN_AS_PER_THE_SITE""}]}]}","afacb7a2-1679-4062-b62d-16794c77dae2","afacb7a2-1679-4062-b62d-16794c77dae2",1656701189681,1657802437375,NULL,0,1656701810021,"BPA1","afacb7a2-1679-4062-b62d-16794c77dae2","null",NULL
"3eabe530-257c-4dc7-a19b-44ff33519cf1","BP-BDA-2022-05-13-003581","od.bhubaneswardevelopmentauthority","DCR72022SNSWY","APPROVAL_INPROGRESS","df85be42-8b5a-4f96-9595-01d628c9693d","{""remarks"": ""OK"", ""serviceType"": ""NEW_CONSTRUCTION"", ""applicationType"": ""BUILDING_PLAN_SCRUTINY"", ""fieldinspection_pending"": [{""date"": ""2022-06-17"", ""docs"": [{""fileName"": ""3581.pdf"", ""fileStore"": ""d24a61bc-a131-4197-9285-0a8263f7f0de"", ""fileStoreId"": ""d24a61bc-a131-4197-9285-0a8263f7f0de"", ""isClickable"": true, ""documentType"": ""FI.FIR.FIR"", ""dropDownValues"": {""value"": ""FI.FIR.FIR""}, ""additionalDetails"": {""uploadedBy"": ""BPA Field Inspector"", ""uploadedTime"": 1655459501794}}, {""fileName"": ""lay out site photo.jpg"", ""fileStore"": ""b90455ec-1b13-4785-9f6d-8bdfacd08e31"", ""fileStoreId"": ""b90455ec-1b13-4785-9f6d-8bdfacd08e31"", ""isClickable"": true, ""documentType"": ""FI.SINS.SINS"", ""dropDownValues"": {""value"": ""FI.SINS.SINS""}, ""additionalDetails"": {""uploadedBy"": ""BPA Field Inspector"", ""uploadedTime"": 1655459521770}}, {""fileName"": ""lay out site photo.jpg"", ""fileStore"": ""35095547-626e-46ff-bcfd-b0495f6be78d"", ""fileStoreId"": ""35095547-626e-46ff-bcfd-b0495f6be78d"", ""isClickable"": true, ""documentType"": ""FI.SISS.SISS"", ""dropDownValues"": {""value"": ""FI.SISS.SISS""}, ""additionalDetails"": {""uploadedBy"": ""BPA Field Inspector"", ""uploadedTime"": 1655459527618}}, {""fileName"": ""lay out site photo.jpg"", ""fileStore"": ""51807893-b2a3-4957-b902-4cbbbeb621b2"", ""fileStoreId"": ""51807893-b2a3-4957-b902-4cbbbeb621b2"", ""isClickable"": true, ""documentType"": ""FI.SIES.SIES"", ""dropDownValues"": {""value"": ""FI.SIES.SIES""}, ""additionalDetails"": {""uploadedBy"": ""BPA Field Inspector"", ""uploadedTime"": 1655459533712}}, {""fileName"": ""lay out site photo.jpg"", ""fileStore"": ""3a442e07-99fc-4bd0-b8a9-d4dfc5e0915b"", ""fileStoreId"": ""3a442e07-99fc-4bd0-b8a9-d4dfc5e0915b"", ""isClickable"": true, ""documentType"": ""FI.SIWS.SIWS"", ""dropDownValues"": {""value"": ""FI.SIWS.SIWS""}, ""additionalDetails"": {""uploadedBy"": ""BPA Field Inspector"", ""uploadedTime"": 1655459539490}}], ""time"": ""14:02"", ""questions"": [{""value"": ""YES"", ""question"": ""PLAN_AS_PER_THE_SITE""}]}]}","de3477e2-6c7d-49a3-b10c-80ee9660d27a","de3477e2-6c7d-49a3-b10c-80ee9660d27a",1652443206653,1657632481076,NULL,0,1652510315557,"BPA1","de3477e2-6c7d-49a3-b10c-80ee9660d27a","{""edcrHistory"": [{""edcrnumber"": ""DCR52022YBKID"", ""createdtime"": 1657632480379}]}",NULL
"21b3a156-8076-44cf-a572-4d76cc5d2a03","BP-BMC-2022-07-29-006705","od.bhubaneswar","DCR72022XNJAE","CITIZEN_APPROVAL_INPROCESS","01d5e88e-30f0-45ce-84ce-a0a26d48d221","null","9a5be53c-3478-4633-a52a-1be0e7b014b3","9a5be53c-3478-4633-a52a-1be0e7b014b3",1659073855659,1659090677047,NULL,NULL,NULL,"BPA1","9a5be53c-3478-4633-a52a-1be0e7b014b3","null",NULL
"c8406d86-b279-41a5-8357-1701f6ae16f3","BP-BDA-2022-05-13-003583","od.bhubaneswardevelopmentauthority","DCR72022FAQGV","APPROVAL_INPROGRESS","bf16838e-138a-4137-84a0-5a6f70f06ff0","{""remarks"": ""OK"", ""serviceType"": ""NEW_CONSTRUCTION"", ""applicationType"": ""BUILDING_PLAN_SCRUTINY"", ""fieldinspection_pending"": [{""date"": ""2022-06-17"", ""docs"": [{""fileName"": ""3583.pdf"", ""fileStore"": ""5fb43998-b6a9-48b5-bcfe-20a2880dacb6"", ""fileStoreId"": ""5fb43998-b6a9-48b5-bcfe-20a2880dacb6"", ""isClickable"": true, ""documentType"": ""FI.FIR.FIR"", ""dropDownValues"": {""value"": ""FI.FIR.FIR""}, ""additionalDetails"": {""uploadedBy"": ""BPA Field Inspector"", ""uploadedTime"": 1655460047509}}, {""fileName"": ""lay out site photo.jpg"", ""fileStore"": ""a8a1e9e8-1e92-4632-874d-180a1f805f2e"", ""fileStoreId"": ""a8a1e9e8-1e92-4632-874d-180a1f805f2e"", ""isClickable"": true, ""documentType"": ""FI.SINS.SINS"", ""dropDownValues"": {""value"": ""FI.SINS.SINS""}, ""additionalDetails"": {""uploadedBy"": ""BPA Field Inspector"", ""uploadedTime"": 1655460055892}}, {""fileName"": ""lay out site photo.jpg"", ""fileStore"": ""689560a4-18f7-4f00-b388-cfa41f0d144e"", ""fileStoreId"": ""689560a4-18f7-4f00-b388-cfa41f0d144e"", ""isClickable"": true, ""documentType"": ""FI.SISS.SISS"", ""dropDownValues"": {""value"": ""FI.SISS.SISS""}, ""additionalDetails"": {""uploadedBy"": ""BPA Field Inspector"", ""uploadedTime"": 1655460063223}}, {""fileName"": ""lay out site photo.jpg"", ""fileStore"": ""8a2ac7dd-fda1-4321-b25f-e1783009ee4f"", ""fileStoreId"": ""8a2ac7dd-fda1-4321-b25f-e1783009ee4f"", ""isClickable"": true, ""documentType"": ""FI.SIES.SIES"", ""dropDownValues"": {""value"": ""FI.SIES.SIES""}, ""additionalDetails"": {""uploadedBy"": ""BPA Field Inspector"", ""uploadedTime"": 1655460070164}}, {""fileName"": ""lay out site photo.jpg"", ""fileStore"": ""c9c44f0d-1c85-42db-876a-78cc0b65766c"", ""fileStoreId"": ""c9c44f0d-1c85-42db-876a-78cc0b65766c"", ""isClickable"": true, ""documentType"": ""FI.SIES.SIES"", ""dropDownValues"": {""value"": ""FI.SIWS.SIWS""}, ""additionalDetails"": {""uploadedBy"": ""BPA Field Inspector"", ""uploadedTime"": 1655460077006}}], ""time"": ""14:02"", ""questions"": [{""value"": ""YES"", ""question"": ""PLAN_AS_PER_THE_SITE""}]}]}","de3477e2-6c7d-49a3-b10c-80ee9660d27a","de3477e2-6c7d-49a3-b10c-80ee9660d27a",1652444799934,1657632391440,NULL,0,1652510422510,"BPA1","de3477e2-6c7d-49a3-b10c-80ee9660d27a","{""edcrHistory"": [{""edcrnumber"": ""DCR520229FWJH"", ""createdtime"": 1657632390864}]}",NULL
"400126af-f005-4b14-80af-ef1142d1b396","BP-BDA-2022-05-04-003169","od.bhubaneswardevelopmentauthority","DCR72022ER4DH","APPROVAL_INPROGRESS","f566ff86-2712-46e5-aca8-a8cfa8d06a6e","{""fieldinspection_pending"": [{""date"": ""2022-05-14"", ""docs"": [{""fileName"": ""SI Report with FI report and checklist.pdf"", ""fileStore"": ""b924446b-e503-4cd6-a7aa-a2813c598b64"", ""fileStoreId"": ""b924446b-e503-4cd6-a7aa-a2813c598b64"", ""isClickable"": true, ""documentType"": ""FI.FIR.FIR"", ""dropDownValues"": {""value"": ""FI.FIR.FIR""}, ""additionalDetails"": {""uploadedBy"": ""BPA Field Inspector"", ""uploadedTime"": 1651594112489}}, {""fileName"": ""plot1.jpeg"", ""fileStore"": ""6092b654-ae9a-481d-be63-162feeef47e3"", ""fileStoreId"": ""6092b654-ae9a-481d-be63-162feeef47e3"", ""isClickable"": true, ""documentType"": ""FI.SINS.SINS"", ""dropDownValues"": {""value"": ""FI.SINS.SINS""}, ""additionalDetails"": {""uploadedBy"": ""BPA Field Inspector"", ""uploadedTime"": 1651594122786}}, {""fileName"": ""plot2.jpeg"", ""fileStore"": ""ff4584e3-f23b-4505-af8b-8c2f92a728b8"", ""fileStoreId"": ""ff4584e3-f23b-4505-af8b-8c2f92a728b8"", ""isClickable"": true, ""documentType"": ""FI.SISS.SISS"", ""dropDownValues"": {""value"": ""FI.SISS.SISS""}, ""additionalDetails"": {""uploadedBy"": ""BPA Field Inspector"", ""uploadedTime"": 1651594128932}}, {""fileName"": ""plot3.jpeg"", ""fileStore"": ""3cbfd73d-1359-4d37-8780-ee35572496d1"", ""fileStoreId"": ""3cbfd73d-1359-4d37-8780-ee35572496d1"", ""isClickable"": true, ""documentType"": ""FI.SIES.SIES"", ""dropDownValues"": {""value"": ""FI.SIES.SIES""}, ""additionalDetails"": {""uploadedBy"": ""BPA Field Inspector"", ""uploadedTime"": 1651594137993}}, {""fileName"": ""road.jpeg"", ""fileStore"": ""452e2130-ce2a-4f2d-b3e6-86ee7505f00c"", ""fileStoreId"": ""452e2130-ce2a-4f2d-b3e6-86ee7505f00c"", ""isClickable"": true, ""documentType"": ""FI.SIWS.SIWS"", ""dropDownValues"": {""value"": ""FI.SIWS.SIWS""}, ""additionalDetails"": {""uploadedBy"": ""BPA Field Inspector"", ""uploadedTime"": 1651594156698}}], ""time"": ""14:50"", ""questions"": [{""value"": ""YES"", ""question"": ""PLAN_AS_PER_THE_SITE""}]}]}","a5568cc5-e1af-4448-877d-4e9d8352e187","a5568cc5-e1af-4448-877d-4e9d8352e187",1651653117379,1659080469373,NULL,0,1651657460157,"BPA1","a5568cc5-e1af-4448-877d-4e9d8352e187","{""edcrHistory"": [{""edcrnumber"": ""DCR72022OFNAX"", ""createdtime"": 1657883100972}, {""edcrnumber"": ""DCR72022WO62U"", ""createdtime"": 1657368954014}, {""edcrnumber"": ""DCR52022FBLIH"", ""createdtime"": 1657183298645}]}",NULL
"1fd5b78b-51b4-465f-8e5a-1c86309a6b13","BP-BDA-2022-06-27-005467","od.bhubaneswardevelopmentauthority","DCR62022FS7LB","APPROVAL_INPROGRESS","c2ee8fd0-166c-449c-97aa-4938dc30249d","{""fieldinspection_pending"": [{""date"": ""2022-07-02"", ""docs"": [{""fileName"": ""SI report.pdf"", ""fileStore"": ""9a279e2b-4fc2-4b82-8803-32dafa031c88"", ""fileStoreId"": ""9a279e2b-4fc2-4b82-8803-32dafa031c88"", ""isClickable"": true, ""documentType"": ""FI.FIR.FIR"", ""dropDownValues"": {""value"": ""FI.FIR.FIR""}, ""additionalDetails"": {""uploadedBy"": ""BPA Field Inspector"", ""uploadedTime"": 1657045345412}}, {""fileName"": ""road1.jpeg"", ""fileStore"": ""381a7e41-8c45-4eb6-8b5d-48cf2e6c50c6"", ""fileStoreId"": ""381a7e41-8c45-4eb6-8b5d-48cf2e6c50c6"", ""isClickable"": true, ""documentType"": ""FI.SINS.SINS"", ""dropDownValues"": {""value"": ""FI.SINS.SINS""}, ""additionalDetails"": {""uploadedBy"": ""BPA Field Inspector"", ""uploadedTime"": 1657045370839}}, {""fileName"": ""road2.jpeg"", ""fileStore"": ""c14854d8-2be6-4302-bb86-75ee78dd3815"", ""fileStoreId"": ""c14854d8-2be6-4302-bb86-75ee78dd3815"", ""isClickable"": true, ""documentType"": ""FI.SISS.SISS"", ""dropDownValues"": {""value"": ""FI.SISS.SISS""}, ""additionalDetails"": {""uploadedBy"": ""BPA Field Inspector"", ""uploadedTime"": 1657045388472}}, {""fileName"": ""site1.jpeg"", ""fileStore"": ""d84c6dc1-9f59-4043-a5f6-d3957803e7ec"", ""fileStoreId"": ""d84c6dc1-9f59-4043-a5f6-d3957803e7ec"", ""isClickable"": true, ""documentType"": ""FI.SIES.SIES"", ""dropDownValues"": {""value"": ""FI.SIES.SIES""}, ""additionalDetails"": {""uploadedBy"": ""BPA Field Inspector"", ""uploadedTime"": 1657045398001}}, {""fileName"": ""site3.jpeg"", ""fileStore"": ""42650100-dc9f-4cea-82be-76e100a450da"", ""fileStoreId"": ""42650100-dc9f-4cea-82be-76e100a450da"", ""isClickable"": true, ""documentType"": ""FI.SIWS.SIWS"", ""dropDownValues"": {""value"": ""FI.SIWS.SIWS""}, ""additionalDetails"": {""uploadedBy"": ""BPA Field Inspector"", ""uploadedTime"": 1657045409263}}], ""time"": ""14:50"", ""questions"": [{""value"": ""YES"", ""question"": ""PLAN_AS_PER_THE_SITE""}]}]}","3bb72028-ecec-4a2d-91ea-ea47654098d8","3bb72028-ecec-4a2d-91ea-ea47654098d8",1656345030301,1659024800021,NULL,0,1656572831020,"BPA1","3bb72028-ecec-4a2d-91ea-ea47654098d8","null",NULL
"ba763352-7e4b-4b25-b3d4-9fed04f4697c","BP-BDA-2022-05-13-003572","od.bhubaneswardevelopmentauthority","DCR72022ABXBR","APPROVAL_INPROGRESS","0ab28004-befb-45fc-bf7b-3cdd9c57d5b2","{""remarks"": ""OK"", ""serviceType"": ""NEW_CONSTRUCTION"", ""applicationType"": ""BUILDING_PLAN_SCRUTINY"", ""fieldinspection_pending"": [{""date"": ""2022-06-17"", ""docs"": [{""fileName"": ""3572.pdf"", ""fileStore"": ""075ef4a6-1ece-4009-9496-440a4eabfcfe"", ""fileStoreId"": ""075ef4a6-1ece-4009-9496-440a4eabfcfe"", ""isClickable"": true, ""documentType"": ""FI.FIR.FIR"", ""dropDownValues"": {""value"": ""FI.FIR.FIR""}, ""additionalDetails"": {""uploadedBy"": ""BPA Field Inspector"", ""uploadedTime"": 1655458935209}}, {""fileName"": ""lay out site photo.jpg"", ""fileStore"": ""527d9681-260f-496e-9c56-65f227734469"", ""fileStoreId"": ""527d9681-260f-496e-9c56-65f227734469"", ""isClickable"": true, ""documentType"": ""FI.SINS.SINS"", ""dropDownValues"": {""value"": ""FI.SINS.SINS""}, ""additionalDetails"": {""uploadedBy"": ""BPA Field Inspector"", ""uploadedTime"": 1655458943436}}, {""fileName"": ""lay out site photo.jpg"", ""fileStore"": ""b2c7bf7f-bcd4-475d-80a5-9ee524b54187"", ""fileStoreId"": ""b2c7bf7f-bcd4-475d-80a5-9ee524b54187"", ""isClickable"": true, ""documentType"": ""FI.SISS.SISS"", ""dropDownValues"": {""value"": ""FI.SISS.SISS""}, ""additionalDetails"": {""uploadedBy"": ""BPA Field Inspector"", ""uploadedTime"": 1655458949245}}, {""fileName"": ""lay out site photo.jpg"", ""fileStore"": ""47d68b07-cda2-4d36-928a-48193476c980"", ""fileStoreId"": ""47d68b07-cda2-4d36-928a-48193476c980"", ""isClickable"": true, ""documentType"": ""FI.SIES.SIES"", ""dropDownValues"": {""value"": ""FI.SIES.SIES""}, ""additionalDetails"": {""uploadedBy"": ""BPA Field Inspector"", ""uploadedTime"": 1655458956424}}, {""fileName"": ""lay out site photo.jpg"", ""fileStore"": ""afe21f25-2078-4c8f-909e-33faef01db2d"", ""fileStoreId"": ""afe21f25-2078-4c8f-909e-33faef01db2d"", ""isClickable"": true, ""documentType"": ""FI.SIWS.SIWS"", ""dropDownValues"": {""value"": ""FI.SIWS.SIWS""}, ""additionalDetails"": {""uploadedBy"": ""BPA Field Inspector"", ""uploadedTime"": 1655458962856}}], ""time"": ""13:03"", ""questions"": [{""value"": ""YES"", ""question"": ""PLAN_AS_PER_THE_SITE""}]}]}","de3477e2-6c7d-49a3-b10c-80ee9660d27a","de3477e2-6c7d-49a3-b10c-80ee9660d27a",1652428945309,1657632556293,NULL,0,1652510071043,"BPA1","de3477e2-6c7d-49a3-b10c-80ee9660d27a","{""edcrHistory"": [{""edcrnumber"": ""DCR52022KNPOV"", ""createdtime"": 1657632555720}]}",NULL
"74c1da6f-c02f-4b05-ad07-892585089054","BP-BMC-2022-07-29-006716","od.bhubaneswar","DCR72022QQFPJ","CITIZEN_APPROVAL_INPROCESS","745aa91b-4822-4766-9450-aaee459b6f2d","{""assignes"": [], ""serviceType"": ""NEW_CONSTRUCTION"", ""applicationType"": ""BUILDING_PLAN_SCRUTINY""}","bb616f61-df6a-4595-be55-7386098a69c6","bb616f61-df6a-4595-be55-7386098a69c6",1659082637609,1659084132999,NULL,NULL,NULL,"BPA1","bb616f61-df6a-4595-be55-7386098a69c6","null",NULL
"e8c6a7b5-f373-47e5-8d9b-955fbd7a26e2","BP-RRK-2022-07-06-005844","od.rourkela","DCR720220CAW9","APPROVAL_INPROGRESS","a4a65407-b17a-4756-9b9d-0d03c0f3c394","{""fieldinspection_pending"": [{""date"": ""2022-07-21"", ""docs"": [{""fileName"": ""dp1.jpg"", ""fileStore"": ""d35834a8-891f-4715-a3f1-678f283cc6e4"", ""fileStoreId"": ""d35834a8-891f-4715-a3f1-678f283cc6e4"", ""isClickable"": true, ""documentType"": ""FI.FIR.FIR"", ""dropDownValues"": {""value"": ""FI.FIR.FIR""}, ""additionalDetails"": {""uploadedBy"": ""BPA Field Inspector"", ""uploadedTime"": 1659088886175}}, {""fileName"": ""dp2.jpg"", ""fileStore"": ""7d34568f-4bee-4646-97a6-fc72c13ad320"", ""fileStoreId"": ""7d34568f-4bee-4646-97a6-fc72c13ad320"", ""isClickable"": true, ""documentType"": ""FI.FIR.FIR"", ""dropDownValues"": {""value"": ""FI.SINS.SINS""}, ""additionalDetails"": {""uploadedBy"": ""BPA Field Inspector"", ""uploadedTime"": 1659088895236}}, {""fileName"": ""north.jpeg"", ""fileStore"": ""587537bb-3749-4d01-b6cb-d8e45b44d5fc"", ""fileStoreId"": ""587537bb-3749-4d01-b6cb-d8e45b44d5fc"", ""isClickable"": true, ""documentType"": ""FI.SINS.SINS"", ""dropDownValues"": {""value"": ""FI.SISS.SISS""}, ""additionalDetails"": {""uploadedBy"": ""BPA Field Inspector"", ""uploadedTime"": 1659088910563}}, {""fileName"": ""south.jpeg"", ""fileStore"": ""135b5e2b-c914-4a5a-8de4-ce68bcb2b3e5"", ""fileStoreId"": ""135b5e2b-c914-4a5a-8de4-ce68bcb2b3e5"", ""isClickable"": true, ""documentType"": ""FI.SISS.SISS"", ""dropDownValues"": {""value"": ""FI.SIES.SIES""}, ""additionalDetails"": {""uploadedBy"": ""BPA Field Inspector"", ""uploadedTime"": 1659088922507}}, {""fileName"": ""east.jpeg"", ""fileStore"": ""f14ac753-033f-4777-a3c0-23d38a89f6e7"", ""fileStoreId"": ""f14ac753-033f-4777-a3c0-23d38a89f6e7"", ""isClickable"": true, ""documentType"": ""FI.SIES.SIES"", ""dropDownValues"": {""value"": ""FI.SIWS.SIWS""}, ""additionalDetails"": {""uploadedBy"": ""BPA Field Inspector"", ""uploadedTime"": 1659088931938}}, {""fileName"": ""west.jpeg"", ""fileStore"": ""b13a4fc1-3515-4f53-a627-0df847d924e3"", ""fileStoreId"": ""b13a4fc1-3515-4f53-a627-0df847d924e3"", ""isClickable"": true, ""documentType"": ""FI.SIWS.SIWS"", ""additionalDetails"": {""uploadedBy"": ""BPA Field Inspector"", ""uploadedTime"": 1659088963010}}], ""time"": ""11:00"", ""questions"": [{""value"": ""YES"", ""question"": ""PLAN_AS_PER_THE_SITE""}]}]}","cbf66c9d-c8c3-4ba3-b77d-791ceadae440","cbf66c9d-c8c3-4ba3-b77d-791ceadae440",1657115110261,1659089014091,NULL,0,1657259103785,"BPA1","cbf66c9d-c8c3-4ba3-b77d-791ceadae440","null",NULL
"0bb7b42f-01d2-4e1a-b34c-beb765049bc1","BP-RRK-2022-06-30-005620","od.rourkela","DCR620224ZVKS","APPROVAL_INPROGRESS","54000916-e9af-4286-85de-e7772aa28b5a","{""fieldinspection_pending"": [{""date"": ""2022-07-22"", ""docs"": [{""fileName"": ""VS1.jpg"", ""fileStore"": ""cf1fb5a1-e071-435c-b5c9-019c73a651dd"", ""fileStoreId"": ""cf1fb5a1-e071-435c-b5c9-019c73a651dd"", ""isClickable"": true, ""documentType"": ""FI.FIR.FIR"", ""dropDownValues"": {""value"": ""FI.FIR.FIR""}, ""additionalDetails"": {""uploadedBy"": ""BPA Field Inspector"", ""uploadedTime"": 1659089210485}}, {""fileName"": ""VS2.jpg"", ""fileStore"": ""d6e1bd77-c07a-4822-ae78-b488ae282aa6"", ""fileStoreId"": ""d6e1bd77-c07a-4822-ae78-b488ae282aa6"", ""isClickable"": true, ""documentType"": ""FI.FIR.FIR"", ""dropDownValues"": {""value"": ""FI.SINS.SINS""}, ""additionalDetails"": {""uploadedBy"": ""BPA Field Inspector"", ""uploadedTime"": 1659089217252}}, {""fileName"": ""NORTH.jpeg"", ""fileStore"": ""eabfaec6-8ab8-499c-94af-a68a7580a16e"", ""fileStoreId"": ""eabfaec6-8ab8-499c-94af-a68a7580a16e"", ""isClickable"": true, ""documentType"": ""FI.SINS.SINS"", ""dropDownValues"": {""value"": ""FI.SISS.SISS""}, ""additionalDetails"": {""uploadedBy"": ""BPA Field Inspector"", ""uploadedTime"": 1659089233644}}, {""fileName"": ""SOUTH.jpeg"", ""fileStore"": ""2ba6fd47-22b5-4f11-b18d-469f06da0125"", ""fileStoreId"": ""2ba6fd47-22b5-4f11-b18d-469f06da0125"", ""isClickable"": true, ""documentType"": ""FI.SISS.SISS"", ""dropDownValues"": {""value"": ""FI.SIES.SIES""}, ""additionalDetails"": {""uploadedBy"": ""BPA Field Inspector"", ""uploadedTime"": 1659089241624}}, {""fileName"": ""EAST.jpeg"", ""fileStore"": ""362b0e3d-aa27-4336-b2cc-69a9b3457da1"", ""fileStoreId"": ""362b0e3d-aa27-4336-b2cc-69a9b3457da1"", ""isClickable"": true, ""documentType"": ""FI.SIES.SIES"", ""dropDownValues"": {""value"": ""FI.SIWS.SIWS""}, ""additionalDetails"": {""uploadedBy"": ""BPA Field Inspector"", ""uploadedTime"": 1659089249866}}, {""fileName"": ""WEST.jpeg"", ""fileStore"": ""dd84f46b-3ae8-4094-bfa4-0ec62cf6317e"", ""fileStoreId"": ""dd84f46b-3ae8-4094-bfa4-0ec62cf6317e"", ""isClickable"": true, ""documentType"": ""FI.SIWS.SIWS"", ""additionalDetails"": {""uploadedBy"": ""BPA Field Inspector"", ""uploadedTime"": 1659089257524}}], ""time"": ""12:00"", ""questions"": [{""value"": ""YES"", ""question"": ""PLAN_AS_PER_THE_SITE""}]}]}","01bfd205-faa3-4d4f-bcba-f9762f16eeb3","01bfd205-faa3-4d4f-bcba-f9762f16eeb3",1656593996505,1659089304669,NULL,0,1658459626640,"BPA1","01bfd205-faa3-4d4f-bcba-f9762f16eeb3","null",NULL
"cc7546d4-0ba3-4816-9d7c-fa967005589f","BP-RRK-2022-07-10-005974","od.rourkela","DCR72022UTWNK","APPROVAL_INPROGRESS","99bda74e-3281-46a3-aaf5-73763ae15637","{""fieldinspection_pending"": [{""date"": ""2022-07-21"", ""docs"": [{""fileName"": ""pp2 (2).jpg"", ""fileStore"": ""75661c15-7359-40b1-9f37-1702ecc74bcc"", ""fileStoreId"": ""75661c15-7359-40b1-9f37-1702ecc74bcc"", ""isClickable"": true, ""documentType"": ""FI.FIR.FIR"", ""dropDownValues"": {""value"": ""FI.FIR.FIR""}, ""additionalDetails"": {""uploadedBy"": ""BPA Field Inspector"", ""uploadedTime"": 1659089586749}}, {""fileName"": ""pp2 (1).jpg"", ""fileStore"": ""80bd74bb-c4a1-4d87-92b0-59d62f8bfc61"", ""fileStoreId"": ""80bd74bb-c4a1-4d87-92b0-59d62f8bfc61"", ""isClickable"": true, ""documentType"": ""FI.FIR.FIR"", ""dropDownValues"": {""value"": ""FI.SINS.SINS""}, ""additionalDetails"": {""uploadedBy"": ""BPA Field Inspector"", ""uploadedTime"": 1659089595196}}, {""fileName"": ""north.jpeg"", ""fileStore"": ""3dfe9f31-a2c1-421b-8dcd-92d96af62351"", ""fileStoreId"": ""3dfe9f31-a2c1-421b-8dcd-92d96af62351"", ""isClickable"": true, ""documentType"": ""FI.SINS.SINS"", ""dropDownValues"": {""value"": ""FI.SISS.SISS""}, ""additionalDetails"": {""uploadedBy"": ""BPA Field Inspector"", ""uploadedTime"": 1659089603826}}, {""fileName"": ""south.jpeg"", ""fileStore"": ""d7724a36-d2d2-46f8-96be-610c38461e7e"", ""fileStoreId"": ""d7724a36-d2d2-46f8-96be-610c38461e7e"", ""isClickable"": true, ""documentType"": ""FI.SISS.SISS"", ""dropDownValues"": {""value"": ""FI.SIES.SIES""}, ""additionalDetails"": {""uploadedBy"": ""BPA Field Inspector"", ""uploadedTime"": 1659089610923}}, {""fileName"": ""east.jpeg"", ""fileStore"": ""c36d793c-daa5-4050-b4b5-ac7bb9cf75c5"", ""fileStoreId"": ""c36d793c-daa5-4050-b4b5-ac7bb9cf75c5"", ""isClickable"": true, ""documentType"": ""FI.SIES.SIES"", ""dropDownValues"": {""value"": ""FI.SIWS.SIWS""}, ""additionalDetails"": {""uploadedBy"": ""BPA Field Inspector"", ""uploadedTime"": 1659089621063}}, {""fileName"": ""west.jpeg"", ""fileStore"": ""86fa79f6-7aae-40f7-8ce3-0326e1a3a67a"", ""fileStoreId"": ""86fa79f6-7aae-40f7-8ce3-0326e1a3a67a"", ""isClickable"": true, ""documentType"": ""FI.SIWS.SIWS"", ""additionalDetails"": {""uploadedBy"": ""BPA Field Inspector"", ""uploadedTime"": 1659089644463}}], ""time"": ""12:15"", ""questions"": [{""value"": ""YES"", ""question"": ""PLAN_AS_PER_THE_SITE""}]}]}","cbf66c9d-c8c3-4ba3-b77d-791ceadae440","cbf66c9d-c8c3-4ba3-b77d-791ceadae440",1657458664399,1659089670885,NULL,0,1658245047048,"BPA1","cbf66c9d-c8c3-4ba3-b77d-791ceadae440","null",NULL
"68fd07f7-5d0f-42f7-be67-9ef72732b577","BP-BAM-2022-07-13-006049","od.berhampur","DCR72022OAPWJ","APPROVAL_INPROGRESS","31ae792c-62cd-489b-86b9-4d17e2380465","{""fieldinspection_pending"": [{""date"": ""2022-07-13"", ""docs"": [{""fileName"": ""IMG_0002.jpg"", ""fileStore"": ""1763b0da-c018-4cd9-bd54-496b63ac03ce"", ""fileStoreId"": ""1763b0da-c018-4cd9-bd54-496b63ac03ce"", ""isClickable"": true, ""documentType"": ""FI.FIR.FIR"", ""dropDownValues"": {""value"": ""FI.FIR.FIR""}, ""additionalDetails"": {""uploadedBy"": ""BPA Field Inspector"", ""uploadedTime"": 1657712051953}}, {""fileName"": ""IMG_0001.jpg"", ""fileStore"": ""40d14901-aa8d-4570-bbb0-e1cd56bb4a91"", ""fileStoreId"": ""40d14901-aa8d-4570-bbb0-e1cd56bb4a91"", ""isClickable"": true, ""documentType"": ""FI.FIR.FIR"", ""dropDownValues"": {""value"": ""FI.SINS.SINS""}, ""additionalDetails"": {""uploadedBy"": ""BPA Field Inspector"", ""uploadedTime"": 1657712052347}}, {""fileName"": ""IMG_0003.jpg"", ""fileStore"": ""02907529-4e53-4ad9-9c68-8b0bfe9c32b8"", ""fileStoreId"": ""02907529-4e53-4ad9-9c68-8b0bfe9c32b8"", ""isClickable"": true, ""documentType"": ""FI.FIR.FIR"", ""dropDownValues"": {""value"": ""FI.SISS.SISS""}, ""additionalDetails"": {""uploadedBy"": ""BPA Field Inspector"", ""uploadedTime"": 1657712052834}}, {""fileName"": ""north.jpeg"", ""fileStore"": ""07ca89c6-57f0-49c4-8f3a-dcb0e16e75eb"", ""fileStoreId"": ""07ca89c6-57f0-49c4-8f3a-dcb0e16e75eb"", ""isClickable"": true, ""documentType"": ""FI.SINS.SINS"", ""dropDownValues"": {""value"": ""FI.SIES.SIES""}, ""additionalDetails"": {""uploadedBy"": ""BPA Field Inspector"", ""uploadedTime"": 1657712055734}}, {""fileName"": ""south.jpeg"", ""fileStore"": ""c1ec6d9a-763c-4511-8d7a-945d284c2057"", ""fileStoreId"": ""c1ec6d9a-763c-4511-8d7a-945d284c2057"", ""isClickable"": true, ""documentType"": ""FI.SISS.SISS"", ""dropDownValues"": {""value"": ""FI.SIWS.SIWS""}, ""additionalDetails"": {""uploadedBy"": ""BPA Field Inspector"", ""uploadedTime"": 1657712059485}}, {""fileName"": ""east.jpeg"", ""fileStore"": ""698c5dfe-e162-41d3-a485-3e41e55ccc72"", ""fileStoreId"": ""698c5dfe-e162-41d3-a485-3e41e55ccc72"", ""isClickable"": true, ""documentType"": ""FI.SIES.SIES"", ""additionalDetails"": {""uploadedBy"": ""BPA Field Inspector"", ""uploadedTime"": 1657712063882}}, {""fileName"": ""west.jpeg"", ""fileStore"": ""eb599b80-df80-4ef7-8cf9-a637c97ada8c"", ""fileStoreId"": ""eb599b80-df80-4ef7-8cf9-a637c97ada8c"", ""isClickable"": true, ""documentType"": ""FI.SIWS.SIWS"", ""additionalDetails"": {""uploadedBy"": ""BPA Field Inspector"", ""uploadedTime"": 1657712066720}}], ""time"": ""12:05"", ""questions"": [{""value"": ""YES"", ""question"": ""PLAN_AS_PER_THE_SITE""}]}]}","f236e7f3-dcb1-41f2-9e3e-656e34abac36","f236e7f3-dcb1-41f2-9e3e-656e34abac36",1657651428600,1657712092243,NULL,0,1657698835261,"BPA1","f236e7f3-dcb1-41f2-9e3e-656e34abac36","null",NULL
"d4341a29-69fb-4982-888a-5cde4cbfdfa7","BP-SMB-2022-03-15-001743","od.sambalpur","DCR72022BX28R","APPROVAL_INPROGRESS","ef8bced3-aeea-40c4-a8a7-80d36af8336f","{""fieldinspection_pending"": [{""date"": ""2022-05-21"", ""docs"": [{""fileName"": ""kalpana purohit.jpeg"", ""fileStore"": ""411b32a0-d5c0-4747-a4bb-c82273cd1d12"", ""fileStoreId"": ""411b32a0-d5c0-4747-a4bb-c82273cd1d12"", ""isClickable"": true, ""documentType"": ""FI.FIR.FIR"", ""dropDownValues"": {""value"": ""FI.FIR.FIR""}, ""additionalDetails"": {""uploadedBy"": ""BPA Field Inspector"", ""uploadedTime"": 1654106285236}}, {""fileName"": ""1.jpeg"", ""fileStore"": ""94840718-a847-4962-b4d2-92447ab24c1e"", ""fileStoreId"": ""94840718-a847-4962-b4d2-92447ab24c1e"", ""isClickable"": true, ""documentType"": ""FI.SINS.SINS"", ""dropDownValues"": {""value"": ""FI.SINS.SINS""}, ""additionalDetails"": {""uploadedBy"": ""BPA Field Inspector"", ""uploadedTime"": 1654106506119}}, {""fileName"": ""2.jpeg"", ""fileStore"": ""320277eb-0e07-4fcf-96a2-f2ae6fe5c3b7"", ""fileStoreId"": ""320277eb-0e07-4fcf-96a2-f2ae6fe5c3b7"", ""isClickable"": true, ""documentType"": ""FI.SISS.SISS"", ""dropDownValues"": {""value"": ""FI.SISS.SISS""}, ""additionalDetails"": {""uploadedBy"": ""BPA Field Inspector"", ""uploadedTime"": 1654106510725}}, {""fileName"": ""3.jpeg"", ""fileStore"": ""1e92344b-5690-4e10-857b-159bb4374f6e"", ""fileStoreId"": ""1e92344b-5690-4e10-857b-159bb4374f6e"", ""isClickable"": true, ""documentType"": ""FI.SIES.SIES"", ""dropDownValues"": {""value"": ""FI.SIES.SIES""}, ""additionalDetails"": {""uploadedBy"": ""BPA Field Inspector"", ""uploadedTime"": 1654106514613}}, {""fileName"": ""4.jpeg"", ""fileStore"": ""8a8efe9d-973a-4236-8325-30e176e86b37"", ""fileStoreId"": ""8a8efe9d-973a-4236-8325-30e176e86b37"", ""isClickable"": true, ""documentType"": ""FI.SIWS.SIWS"", ""dropDownValues"": {""value"": ""FI.SIWS.SIWS""}, ""additionalDetails"": {""uploadedBy"": ""BPA Field Inspector"", ""uploadedTime"": 1654106518979}}], ""time"": ""11:00"", ""questions"": [{""value"": ""YES"", ""question"": ""PLAN_AS_PER_THE_SITE""}]}]}","a281cf0f-59d7-4b48-8cb6-c738d6fc86a3","a281cf0f-59d7-4b48-8cb6-c738d6fc86a3",1647367161739,1658237667479,NULL,0,1656997551104,"BPA1","a281cf0f-59d7-4b48-8cb6-c738d6fc86a3","{""edcrHistory"": [{""edcrnumber"": ""DCR32022RPQRA"", ""createdtime"": 1657708307484}]}",NULL
"77b02f9b-6358-4fb1-9c2f-3ecca5725f00","BP-BMC-2022-07-14-006105","od.bhubaneswar","DCR72022W3LUM","APPROVAL_INPROGRESS","d3bbe120-ad9e-4ba8-8d79-177578ff99e9","{""fieldinspection_pending"": [{""date"": ""2022-07-15"", ""docs"": [{""fileName"": ""S.6105.pdf"", ""fileStore"": ""4cf43e9a-6c4f-4049-b5ea-293148564023"", ""fileStoreId"": ""4cf43e9a-6c4f-4049-b5ea-293148564023"", ""isClickable"": true, ""documentType"": ""FI.FIR.FIR"", ""dropDownValues"": {""value"": ""FI.FIR.FIR""}, ""additionalDetails"": {""uploadedBy"": ""BPA Field Inspector"", ""uploadedTime"": 1657967634835}}, {""fileName"": ""IMG-20220716-WA0007.jpg"", ""fileStore"": ""10248427-e52a-4232-a221-2a023f6e076d"", ""fileStoreId"": ""10248427-e52a-4232-a221-2a023f6e076d"", ""isClickable"": true, ""documentType"": ""FI.SINS.SINS"", ""dropDownValues"": {""value"": ""FI.SINS.SINS""}, ""additionalDetails"": {""uploadedBy"": ""BPA Field Inspector"", ""uploadedTime"": 1657968023164}}, {""fileName"": ""IMG-20220716-WA0006.jpg"", ""fileStore"": ""451c3b80-8480-4519-ac60-cef989ca1f48"", ""fileStoreId"": ""451c3b80-8480-4519-ac60-cef989ca1f48"", ""isClickable"": true, ""documentType"": ""FI.SISS.SISS"", ""dropDownValues"": {""value"": ""FI.SISS.SISS""}, ""additionalDetails"": {""uploadedBy"": ""BPA Field Inspector"", ""uploadedTime"": 1657968040929}}, {""fileName"": ""IMG-20220716-WA0007.jpg"", ""fileStore"": ""593dddca-c926-4a5a-833a-d4fd8bb8dc92"", ""fileStoreId"": ""593dddca-c926-4a5a-833a-d4fd8bb8dc92"", ""isClickable"": true, ""documentType"": ""FI.SIES.SIES"", ""dropDownValues"": {""value"": ""FI.SIES.SIES""}, ""additionalDetails"": {""uploadedBy"": ""BPA Field Inspector"", ""uploadedTime"": 1657968055036}}, {""fileName"": ""IMG-20220716-WA0006.jpg"", ""fileStore"": ""5f5083b6-4eb3-42cc-af12-79b8a0740f11"", ""fileStoreId"": ""5f5083b6-4eb3-42cc-af12-79b8a0740f11"", ""isClickable"": true, ""documentType"": ""FI.SIWS.SIWS"", ""dropDownValues"": {""value"": ""FI.SIWS.SIWS""}, ""additionalDetails"": {""uploadedBy"": ""BPA Field Inspector"", ""uploadedTime"": 1657968072152}}], ""time"": ""12:00"", ""questions"": [{""value"": ""YES"", ""question"": ""PLAN_AS_PER_THE_SITE""}]}]}","28c9f5be-f413-43b2-b68b-42c9825f916a","28c9f5be-f413-43b2-b68b-42c9825f916a",1657777820725,1658996215751,NULL,0,1657950927594,"BPA2","28c9f5be-f413-43b2-b68b-42c9825f916a","{""edcrHistory"": [{""edcrnumber"": ""DCR72022RC219"", ""createdtime"": 1658832162841}, {""edcrnumber"": ""DCR72022HXX7Z"", ""createdtime"": 1658490369659}]}",NULL
"d994da58-cbb4-431c-b189-467f0d5def66","BP-BED-2022-07-05-005801","od.berhampurdevelopmentauthority","DCR72022UNE6V","APPROVAL_INPROGRESS","e174566d-3285-4aaf-863e-6871f731a3fc","{""sanctionFeeCardEnabled"": true, ""fieldinspection_pending"": [{""date"": ""2022-07-22"", ""docs"": [{""fileName"": ""BP-BED-2022-07-005801.pdf"", ""fileStore"": ""f5756cf6-eb21-4a96-88b9-5b684f91a29c"", ""fileStoreId"": ""f5756cf6-eb21-4a96-88b9-5b684f91a29c"", ""isClickable"": true, ""documentType"": ""FI.FIR.FIR"", ""dropDownValues"": {""value"": ""FI.FIR.FIR""}, ""additionalDetails"": {""uploadedBy"": ""BPA Field Inspector"", ""uploadedTime"": 1658489965991}}, {""fileName"": ""BP-BED-2022-07-005801.pdf"", ""fileStore"": ""93877f63-c7c4-468e-a69a-498ecd1fd3e3"", ""fileStoreId"": ""93877f63-c7c4-468e-a69a-498ecd1fd3e3"", ""isClickable"": true, ""documentType"": ""FI.SINS.SINS"", ""dropDownValues"": {""value"": ""FI.SINS.SINS""}, ""additionalDetails"": {""uploadedBy"": ""BPA Field Inspector"", ""uploadedTime"": 1658489977707}}, {""fileName"": ""BP-BED-2022-07-005801.pdf"", ""fileStore"": ""f796c605-21ec-45e2-a17c-d934001c876d"", ""fileStoreId"": ""f796c605-21ec-45e2-a17c-d934001c876d"", ""isClickable"": true, ""documentType"": ""FI.SISS.SISS"", ""dropDownValues"": {""value"": ""FI.SISS.SISS""}, ""additionalDetails"": {""uploadedBy"": ""BPA Field Inspector"", ""uploadedTime"": 1658489990322}}, {""fileName"": ""BP-BED-2022-07-005801.pdf"", ""fileStore"": ""81654ab3-a2e4-4d9d-bc33-6a4bca60e256"", ""fileStoreId"": ""81654ab3-a2e4-4d9d-bc33-6a4bca60e256"", ""isClickable"": true, ""documentType"": ""FI.SIES.SIES"", ""dropDownValues"": {""value"": ""FI.SIES.SIES""}, ""additionalDetails"": {""uploadedBy"": ""BPA Field Inspector"", ""uploadedTime"": 1658490000774}}, {""fileName"": ""BP-BED-2022-07-005801.pdf"", ""fileStore"": ""ab608bda-20b5-48d9-a8e9-935c3894955e"", ""fileStoreId"": ""ab608bda-20b5-48d9-a8e9-935c3894955e"", ""isClickable"": true, ""documentType"": ""FI.SIWS.SIWS"", ""dropDownValues"": {""value"": ""FI.SIWS.SIWS""}, ""additionalDetails"": {""uploadedBy"": ""BPA Field Inspector"", ""uploadedTime"": 1658490011241}}], ""time"": ""03:25"", ""questions"": [{""value"": ""YES"", ""question"": ""PLAN_AS_PER_THE_SITE""}]}], ""sanctionFeeAdjustmentAmount"": ""158503"", ""modificationReasonSanctionFeeAdjustmentAmount"": ""EIDP Fee""}","9130547b-3a6b-4929-a740-83de41fa99a4","9130547b-3a6b-4929-a740-83de41fa99a4",1657032699191,1659010281834,NULL,0,1657281935854,"BPA2","9130547b-3a6b-4929-a740-83de41fa99a4","null",NULL
"5782ba5f-c68c-437f-b84c-4f4ab2ebcff5","BP-BAM-2022-07-09-005955","od.berhampur","DCR720227Z4IU","APPROVAL_INPROGRESS","63b16a88-4130-4ff1-b272-80b984a06dcc","{""fieldinspection_pending"": [{""date"": ""2022-07-19"", ""docs"": [{""fileName"": ""IMG_0003.jpg"", ""fileStore"": ""c2f9bed4-2c11-4787-8f60-7b6925b8f444"", ""fileStoreId"": ""c2f9bed4-2c11-4787-8f60-7b6925b8f444"", ""isClickable"": true, ""documentType"": ""FI.FIR.FIR"", ""dropDownValues"": {""value"": ""FI.FIR.FIR""}, ""additionalDetails"": {""uploadedBy"": ""BPA Field Inspector"", ""uploadedTime"": 1658241627692}}, {""fileName"": ""IMG_0001.jpg"", ""fileStore"": ""6fbd9305-2722-4251-9c17-d020a20a821c"", ""fileStoreId"": ""6fbd9305-2722-4251-9c17-d020a20a821c"", ""isClickable"": true, ""documentType"": ""FI.FIR.FIR"", ""dropDownValues"": {""value"": ""FI.SINS.SINS""}, ""additionalDetails"": {""uploadedBy"": ""BPA Field Inspector"", ""uploadedTime"": 1658241628113}}, {""fileName"": ""IMG_0002.jpg"", ""fileStore"": ""cf4ac1fb-94c9-4573-98f7-1b58ec8d10bc"", ""fileStoreId"": ""cf4ac1fb-94c9-4573-98f7-1b58ec8d10bc"", ""isClickable"": true, ""documentType"": ""FI.FIR.FIR"", ""dropDownValues"": {""value"": ""FI.SISS.SISS""}, ""additionalDetails"": {""uploadedBy"": ""BPA Field Inspector"", ""uploadedTime"": 1658241628729}}, {""fileName"": ""1657374222626East.jpeg"", ""fileStore"": ""d29a4bf4-5697-4329-bddb-c5b884a69c89"", ""fileStoreId"": ""d29a4bf4-5697-4329-bddb-c5b884a69c89"", ""isClickable"": true, ""documentType"": ""FI.SINS.SINS"", ""dropDownValues"": {""value"": ""FI.SIES.SIES""}, ""additionalDetails"": {""uploadedBy"": ""BPA Field Inspector"", ""uploadedTime"": 1658241651328}}, {""fileName"": ""1657374222878South.jpeg"", ""fileStore"": ""76ed9472-9774-4167-9d98-8fca7c842270"", ""fileStoreId"": ""76ed9472-9774-4167-9d98-8fca7c842270"", ""isClickable"": true, ""documentType"": ""FI.SISS.SISS"", ""dropDownValues"": {""value"": ""FI.SIWS.SIWS""}, ""additionalDetails"": {""uploadedBy"": ""BPA Field Inspector"", ""uploadedTime"": 1658241654772}}, {""fileName"": ""1657374222626East.jpeg"", ""fileStore"": ""d09ee1e7-5411-4560-835e-c430fa83b63d"", ""fileStoreId"": ""d09ee1e7-5411-4560-835e-c430fa83b63d"", ""isClickable"": true, ""documentType"": ""FI.SIES.SIES"", ""additionalDetails"": {""uploadedBy"": ""BPA Field Inspector"", ""uploadedTime"": 1658241657415}}, {""fileName"": ""1657374222882West.jpeg"", ""fileStore"": ""8429787e-c9af-41ed-95a5-0b0190ef8eb0"", ""fileStoreId"": ""8429787e-c9af-41ed-95a5-0b0190ef8eb0"", ""isClickable"": true, ""documentType"": ""FI.SIWS.SIWS"", ""additionalDetails"": {""uploadedBy"": ""BPA Field Inspector"", ""uploadedTime"": 1658241661052}}], ""time"": ""10:05"", ""questions"": [{""value"": ""YES"", ""question"": ""PLAN_AS_PER_THE_SITE""}]}]}","f1a434a0-8a91-4e6f-95f1-699260b1a554","f1a434a0-8a91-4e6f-95f1-699260b1a554",1657373645510,1659009840098,NULL,0,1657519686054,"BPA1","f1a434a0-8a91-4e6f-95f1-699260b1a554","{""edcrHistory"": [{""edcrnumber"": ""DCR72022OUWAC"", ""createdtime"": 1659009841074}]}",NULL
"71bd1fcf-7132-49f8-af96-6a7cf3ee5972","BP-BAM-2022-07-10-005970","od.berhampur","DCR72022AVGEP","APPROVAL_INPROGRESS","e7c94d71-56c3-448a-ba7c-75ebd8330067","{""fieldinspection_pending"": [{""date"": ""2022-07-19"", ""docs"": [{""fileName"": ""IMG_0003.jpg"", ""fileStore"": ""8ff7cdb1-0ce2-4394-a81f-f0b4c2cb0525"", ""fileStoreId"": ""8ff7cdb1-0ce2-4394-a81f-f0b4c2cb0525"", ""isClickable"": true, ""documentType"": ""FI.FIR.FIR"", ""dropDownValues"": {""value"": ""FI.FIR.FIR""}, ""additionalDetails"": {""uploadedBy"": ""BPA Field Inspector"", ""uploadedTime"": 1658239358267}}, {""fileName"": ""IMG_0002.jpg"", ""fileStore"": ""6abf3aa7-ddfe-45b1-b17d-da40cd96bc1d"", ""fileStoreId"": ""6abf3aa7-ddfe-45b1-b17d-da40cd96bc1d"", ""isClickable"": true, ""documentType"": ""FI.FIR.FIR"", ""dropDownValues"": {""value"": ""FI.SINS.SINS""}, ""additionalDetails"": {""uploadedBy"": ""BPA Field Inspector"", ""uploadedTime"": 1658239358878}}, {""fileName"": ""IMG_0001.jpg"", ""fileStore"": ""87ccf39e-d8cf-4b49-a65a-a74d77fb5900"", ""fileStoreId"": ""87ccf39e-d8cf-4b49-a65a-a74d77fb5900"", ""isClickable"": true, ""documentType"": ""FI.FIR.FIR"", ""dropDownValues"": {""value"": ""FI.SISS.SISS""}, ""additionalDetails"": {""uploadedBy"": ""BPA Field Inspector"", ""uploadedTime"": 1658239359353}}, {""fileName"": ""1657440375605North.jpeg"", ""fileStore"": ""faf4d895-6a12-4262-bce8-f99c4c448492"", ""fileStoreId"": ""faf4d895-6a12-4262-bce8-f99c4c448492"", ""isClickable"": true, ""documentType"": ""FI.SINS.SINS"", ""dropDownValues"": {""value"": ""FI.SIES.SIES""}, ""additionalDetails"": {""uploadedBy"": ""BPA Field Inspector"", ""uploadedTime"": 1658239367252}}, {""fileName"": ""1657440392484South.jpeg"", ""fileStore"": ""9e3d3587-bb9d-4ac0-b454-5d76ebf3b042"", ""fileStoreId"": ""9e3d3587-bb9d-4ac0-b454-5d76ebf3b042"", ""isClickable"": true, ""documentType"": ""FI.SISS.SISS"", ""dropDownValues"": {""value"": ""FI.SIWS.SIWS""}, ""additionalDetails"": {""uploadedBy"": ""BPA Field Inspector"", ""uploadedTime"": 1658239372305}}, {""fileName"": ""1657440386888East.jpeg"", ""fileStore"": ""2a87126d-ddba-48a5-a434-7baad94aef6e"", ""fileStoreId"": ""2a87126d-ddba-48a5-a434-7baad94aef6e"", ""isClickable"": true, ""documentType"": ""FI.SIES.SIES"", ""additionalDetails"": {""uploadedBy"": ""BPA Field Inspector"", ""uploadedTime"": 1658239376638}}, {""fileName"": ""1657440386935West.jpeg"", ""fileStore"": ""5a681ce3-530c-4907-8356-1e0d0e4b0e75"", ""fileStoreId"": ""5a681ce3-530c-4907-8356-1e0d0e4b0e75"", ""isClickable"": true, ""documentType"": ""FI.SIWS.SIWS"", ""additionalDetails"": {""uploadedBy"": ""BPA Field Inspector"", ""uploadedTime"": 1658239381493}}], ""time"": ""10:04"", ""questions"": [{""value"": ""YES"", ""question"": ""PLAN_AS_PER_THE_SITE""}]}]}","f1a434a0-8a91-4e6f-95f1-699260b1a554","f1a434a0-8a91-4e6f-95f1-699260b1a554",1657440279671,1659008613709,NULL,0,1657521001692,"BPA1","f1a434a0-8a91-4e6f-95f1-699260b1a554","{""edcrHistory"": [{""edcrnumber"": ""DCR72022ICQYC"", ""createdtime"": 1659008615028}]}",NULL
"c3f2b0fe-f1e7-46ae-ba3d-68239fc9c8ee","BP-BAM-2022-07-09-005957","od.berhampur","DCR72022CYRSP","APPROVAL_INPROGRESS","f508eda9-612e-41b2-999b-51ac1703c123","{""fieldinspection_pending"": [{""date"": ""2022-07-19"", ""docs"": [{""fileName"": ""IMG_0003.jpg"", ""fileStore"": ""06b0d031-7a85-4d44-87a3-681cc0cc3527"", ""fileStoreId"": ""06b0d031-7a85-4d44-87a3-681cc0cc3527"", ""isClickable"": true, ""documentType"": ""FI.FIR.FIR"", ""dropDownValues"": {""value"": ""FI.FIR.FIR""}, ""additionalDetails"": {""uploadedBy"": ""BPA Field Inspector"", ""uploadedTime"": 1658237324545}}, {""fileName"": ""IMG_0001.jpg"", ""fileStore"": ""c1965b60-47f5-4644-a156-895e859ff296"", ""fileStoreId"": ""c1965b60-47f5-4644-a156-895e859ff296"", ""isClickable"": true, ""documentType"": ""FI.FIR.FIR"", ""dropDownValues"": {""value"": ""FI.SINS.SINS""}, ""additionalDetails"": {""uploadedBy"": ""BPA Field Inspector"", ""uploadedTime"": 1658237324880}}, {""fileName"": ""IMG_0002.jpg"", ""fileStore"": ""4fb11c10-6ffd-4f73-9dd4-931b7e96823f"", ""fileStoreId"": ""4fb11c10-6ffd-4f73-9dd4-931b7e96823f"", ""isClickable"": true, ""documentType"": ""FI.FIR.FIR"", ""dropDownValues"": {""value"": ""FI.SISS.SISS""}, ""additionalDetails"": {""uploadedBy"": ""BPA Field Inspector"", ""uploadedTime"": 1658237325337}}, {""fileName"": ""1657375159126North.jpeg"", ""fileStore"": ""14005abb-c367-4552-81ab-cb2e1d151137"", ""fileStoreId"": ""14005abb-c367-4552-81ab-cb2e1d151137"", ""isClickable"": true, ""documentType"": ""FI.SINS.SINS"", ""dropDownValues"": {""value"": ""FI.SIES.SIES""}, ""additionalDetails"": {""uploadedBy"": ""BPA Field Inspector"", ""uploadedTime"": 1658237329274}}, {""fileName"": ""1657375143044South.jpeg"", ""fileStore"": ""df1541bb-e895-4eae-8908-5cadd7dd9148"", ""fileStoreId"": ""df1541bb-e895-4eae-8908-5cadd7dd9148"", ""isClickable"": true, ""documentType"": ""FI.SISS.SISS"", ""dropDownValues"": {""value"": ""FI.SIWS.SIWS""}, ""additionalDetails"": {""uploadedBy"": ""BPA Field Inspector"", ""uploadedTime"": 1658237333247}}, {""fileName"": ""1657375142736East.jpeg"", ""fileStore"": ""2aa255f4-9ee4-4e16-aef6-116c9df28506"", ""fileStoreId"": ""2aa255f4-9ee4-4e16-aef6-116c9df28506"", ""isClickable"": true, ""documentType"": ""FI.SIES.SIES"", ""additionalDetails"": {""uploadedBy"": ""BPA Field Inspector"", ""uploadedTime"": 1658237338750}}, {""fileName"": ""1657375143117West.jpeg"", ""fileStore"": ""205346c7-e7e6-4c75-a650-bf7a415a7d8e"", ""fileStoreId"": ""205346c7-e7e6-4c75-a650-bf7a415a7d8e"", ""isClickable"": true, ""documentType"": ""FI.SIWS.SIWS"", ""additionalDetails"": {""uploadedBy"": ""BPA Field Inspector"", ""uploadedTime"": 1658237342384}}], ""time"": ""13:02"", ""questions"": [{""value"": ""YES"", ""question"": ""PLAN_AS_PER_THE_SITE""}]}]}","f1a434a0-8a91-4e6f-95f1-699260b1a554","f1a434a0-8a91-4e6f-95f1-699260b1a554",1657375001405,1659009328367,NULL,0,1657519516730,"BPA1","f1a434a0-8a91-4e6f-95f1-699260b1a554","{""edcrHistory"": [{""edcrnumber"": ""DCR72022GHIT6"", ""createdtime"": 1659009329659}]}",NULL
"843f96f5-97de-4f50-9aa3-ffe463ff2250","BP-BMC-2022-04-23-002794","od.bhubaneswar","DCR42022GMHXM","APPROVAL_INPROGRESS","a7598533-53d1-4371-9a67-35761515ee1c","{""remarks"": ""OK"", ""serviceType"": ""NEW_CONSTRUCTION"", ""applicationType"": ""BUILDING_PLAN_SCRUTINY"", ""fieldinspection_pending"": [{""date"": ""2022-05-05"", ""docs"": [{""fileName"": ""S.2794.pdf"", ""fileStore"": ""158cb332-49ac-432c-a40b-e5f51c606a85"", ""fileStoreId"": ""158cb332-49ac-432c-a40b-e5f51c606a85"", ""isClickable"": true, ""documentType"": ""FI.FIR.FIR"", ""dropDownValues"": {""value"": ""FI.FIR.FIR""}, ""additionalDetails"": {""uploadedBy"": ""BPA Field Inspector"", ""uploadedTime"": 1651746977328}}, {""fileName"": ""IMG-20220505-WA0002.jpg"", ""fileStore"": ""99cc02c6-c570-4b25-ae49-d096c099db12"", ""fileStoreId"": ""99cc02c6-c570-4b25-ae49-d096c099db12"", ""isClickable"": true, ""documentType"": ""FI.SINS.SINS"", ""dropDownValues"": {""value"": ""FI.SINS.SINS""}, ""additionalDetails"": {""uploadedBy"": ""BPA Field Inspector"", ""uploadedTime"": 1651746997952}}, {""fileName"": ""IMG-20220505-WA0002.jpg"", ""fileStore"": ""0d677f09-b85f-4661-a4a9-0a06e430490c"", ""fileStoreId"": ""0d677f09-b85f-4661-a4a9-0a06e430490c"", ""isClickable"": true, ""documentType"": ""FI.SISS.SISS"", ""dropDownValues"": {""value"": ""FI.SISS.SISS""}, ""additionalDetails"": {""uploadedBy"": ""BPA Field Inspector"", ""uploadedTime"": 1651747009151}}, {""fileName"": ""IMG-20220505-WA0002.jpg"", ""fileStore"": ""27db9598-134d-4bd3-be62-85477a0ef8d1"", ""fileStoreId"": ""27db9598-134d-4bd3-be62-85477a0ef8d1"", ""isClickable"": true, ""documentType"": ""FI.SIES.SIES"", ""dropDownValues"": {""value"": ""FI.SIES.SIES""}, ""additionalDetails"": {""uploadedBy"": ""BPA Field Inspector"", ""uploadedTime"": 1651747023237}}, {""fileName"": ""IMG-20220505-WA0002.jpg"", ""fileStore"": ""b4d57db3-c75a-473b-b116-75928a8c0676"", ""fileStoreId"": ""b4d57db3-c75a-473b-b116-75928a8c0676"", ""isClickable"": true, ""documentType"": ""FI.SIWS.SIWS"", ""dropDownValues"": {""value"": ""FI.SIWS.SIWS""}, ""additionalDetails"": {""uploadedBy"": ""BPA Field Inspector"", ""uploadedTime"": 1651747036102}}], ""time"": ""12:00"", ""questions"": [{""value"": ""YES"", ""question"": ""PLAN_AS_PER_THE_SITE""}]}]}","de3477e2-6c7d-49a3-b10c-80ee9660d27a","de3477e2-6c7d-49a3-b10c-80ee9660d27a",1650701382381,1657968611638,NULL,0,1650883199672,"BPA2","de3477e2-6c7d-49a3-b10c-80ee9660d27a","null",NULL
